rank,residue,resname,hops_from_start,quantum_at_gamma_0.5623,classical_at_rate_0.434,quantum_minus_classical,known_allosteric
1,A:89,HIS,2,0.258855,0.209011,0.049844,
2,A:64,ASP,1,0.268039,0.224383,0.043657,yes
3,A:61,LYS,1,0.278730,0.244382,0.034348,yes
4,A:85,ASP,1,0.242895,0.210011,0.032884,
5,A:90,LYS,1,0.244626,0.214401,0.030225,
6,A:141,ARG,2,0.231280,0.201643,0.029637,
7,A:139,LYS,1,0.234687,0.208967,0.025720,
8,A:1,VAL,4,0.206625,0.181206,0.025419,
9,A:36,PHE,2,0.258892,0.233700,0.025192,
10,A:2,LEU,4,0.202553,0.178819,0.023734,
11,A:82,ASN,2,0.224576,0.202783,0.021793,
12,A:10,VAL,3,0.202015,0.180438,0.021577,
13,A:125,LEU,3,0.204847,0.184460,0.020387,
14,A:121,VAL,4,0.199321,0.178989,0.020332,
15,A:73,LEU,3,0.204124,0.183827,0.020297,
16,A:70,VAL,2,0.210352,0.190478,0.019874,
17,A:113,LEU,3,0.209729,0.190058,0.019671,
18,A:17,VAL,3,0.215318,0.196907,0.018411,
19,A:128,PHE,3,0.203851,0.185446,0.018405,
20,A:34,LEU,2,0.254243,0.236299,0.017944,
21,A:96,VAL,2,0.234345,0.216867,0.017478,
22,A:106,LEU,2,0.218886,0.201735,0.017152,
23,A:100,LEU,1,0.242966,0.227130,0.015836,
24,A:76,LEU,3,0.204445,0.189673,0.014772,
25,A:120,ALA,4,0.190246,0.176143,0.014103,
26,A:117,PHE,3,0.199783,0.186114,0.013670,
27,A:12,ALA,3,0.193446,0.180462,0.012984,
28,A:129,LEU,2,0.206967,0.194326,0.012641,
29,A:109,LEU,2,0.211399,0.199390,0.012009,
30,A:132,VAL,2,0.209836,0.198065,0.011771,
31,A:123,ALA,3,0.189553,0.178421,0.011132,
32,A:137,THR,1,0.219758,0.208711,0.011048,
33,A:21,ALA,2,0.223139,0.212254,0.010885,
34,A:68,LEU,2,0.209741,0.199425,0.010317,
35,A:66,LEU,1,0.222690,0.212445,0.010246,
36,A:135,VAL,2,0.206838,0.197853,0.008985,
37,A:69,ALA,2,0.202595,0.194736,0.007859,
38,A:56,LYS,1,0.259743,0.252064,0.007679,
39,A:48,LEU,1,0.261062,0.254074,0.006987,
40,A:13,ALA,3,0.191083,0.184280,0.006803,
41,A:110,ALA,3,0.202822,0.196454,0.006368,
42,A:105,LEU,1,0.223555,0.217736,0.005819,
43,A:140,TYR,2,0.208405,0.203276,0.005129,
44,A:81,SER,2,0.202940,0.198001,0.004940,
45,A:4,ALA,5,0.175523,0.170659,0.004864,
46,A:84,SER,1,0.211119,0.206265,0.004855,
47,A:79,ALA,3,0.195554,0.191174,0.004379,
48,A:5,ALA,4,0.176918,0.172573,0.004345,
49,A:80,LEU,2,0.202062,0.197781,0.004280,
50,A:104,CYS,1,0.232527,0.228956,0.003571,
51,A:111,VAL,2,0.205950,0.202424,0.003526,
52,A:108,THR,2,0.218543,0.215285,0.003257,
53,A:15,SER,3,0.188790,0.185888,0.002902,
54,A:60,LYS,1,0.247435,0.245091,0.002344,yes
55,A:92,ARG,2,0.213606,0.211489,0.002116,
56,A:138,SER,2,0.203206,0.202069,0.001137,
57,A:77,PRO,2,0.194587,0.193631,0.000955,
58,A:98,PHE,1,0.216254,0.216215,0.000039,
59,A:112,HIS,3,0.200092,0.200493,-0.000401,
60,A:88,ALA,1,0.210343,0.211318,-0.000975,
61,A:136,LEU,1,0.206233,0.207214,-0.000981,
62,A:67,THR,2,0.202842,0.204285,-0.001442,
63,A:131,SER,3,0.187005,0.189056,-0.002050,
64,A:14,TRP,2,0.188766,0.190825,-0.002060,
65,A:28,ALA,1,0.234807,0.236956,-0.002149,
66,A:55,VAL,1,0.250607,0.252847,-0.002240,
67,A:38,THR,2,0.234378,0.236630,-0.002252,
68,A:71,GLY,3,0.187436,0.189751,-0.002315,
69,A:78,GLY,3,0.187204,0.189876,-0.002672,
70,A:53,ALA,2,0.246413,0.249808,-0.003395,
71,A:57,ALA,1,0.249320,0.252851,-0.003531,yes
72,A:83,LEU,1,0.204940,0.208809,-0.003869,yes
73,A:130,SER,2,0.188365,0.192570,-0.004205,
74,A:65,ALA,1,0.212322,0.216666,-0.004344,yes
75,A:86,LEU,1,0.207767,0.212158,-0.004391,
76,A:18,GLY,3,0.192691,0.197097,-0.004406,
77,A:134,THR,2,0.192518,0.197717,-0.005199,
78,A:8,THR,4,0.168737,0.174713,-0.005976,
79,A:94,ASP,2,0.207538,0.214056,-0.006518,
80,A:24,TYR,2,0.211948,0.218644,-0.006696,
81,A:33,PHE,1,0.239856,0.246641,-0.006785,
82,A:46,PHE,1,0.255411,0.262509,-0.007099,
83,A:3,SER,5,0.164055,0.171343,-0.007288,
84,A:124,SER,3,0.171790,0.179251,-0.007461,
85,A:26,ALA,1,0.237374,0.244870,-0.007496,
86,A:114,PRO,3,0.181421,0.189209,-0.007788,
87,A:19,GLY,2,0.200488,0.208605,-0.008117,
88,A:133,SER,2,0.194407,0.202530,-0.008123,
89,A:93,VAL,1,0.209526,0.218055,-0.008530,
90,A:118,THR,4,0.168606,0.177514,-0.008908,
91,A:39,THR,1,0.230029,0.239439,-0.009409,
92,A:22,GLY,1,0.219432,0.228877,-0.009444,
93,A:20,HIS,2,0.198779,0.208819,-0.010040,
94,A:54,GLN,1,0.249222,0.259312,-0.010090,
95,A:32,MET,1,0.229485,0.239970,-0.010485,
96,A:63,GLY,1,0.216641,0.228220,-0.011579,
97,A:25,GLY,1,0.220686,0.232515,-0.011829,
98,A:74,ASP,4,0.168117,0.180977,-0.012860,
99,A:52,SER,2,0.237523,0.250384,-0.012862,
100,A:107,SER,2,0.200864,0.213815,-0.012951,
101,A:91,LEU,1,0.205474,0.218426,-0.012952,
102,A:119,PRO,4,0.162339,0.175419,-0.013080,
103,A:41,THR,1,0.237166,0.250936,-0.013770,
104,A:95,PRO,2,0.199201,0.213360,-0.014159,
105,A:116,ASP,4,0.167771,0.182393,-0.014623,
106,A:23,GLU,2,0.209069,0.224020,-0.014950,
107,A:115,ASN,4,0.167419,0.182861,-0.015442,
108,A:42,TYR,1,0.226800,0.242584,-0.015784,
109,A:75,ASP,3,0.169888,0.186315,-0.016426,
110,A:72,HIS,3,0.172389,0.188881,-0.016492,
111,A:51,GLY,2,0.229628,0.246177,-0.016549,
112,A:37,PRO,2,0.220128,0.237001,-0.016873,
113,A:6,ASP,4,0.158400,0.175897,-0.017497,
114,A:59,GLY,1,0.229350,0.246916,-0.017565,
115,A:35,GLY,2,0.216729,0.234446,-0.017716,
116,A:102,SER,1,0.193702,0.211671,-0.017969,
117,A:44,PRO,1,0.240385,0.260308,-0.019923,
118,A:11,LYS,3,0.161245,0.181527,-0.020283,
119,A:97,ASN,1,0.206541,0.226846,-0.020306,
120,A:7,LYS,4,0.154760,0.175085,-0.020326,
121,A:9,ASN,4,0.156533,0.177378,-0.020845,
122,A:127,LYS,3,0.160610,0.182961,-0.022351,
123,A:99,LYS,1,0.197532,0.219939,-0.022407,
124,A:49,SER,2,0.224786,0.247219,-0.022433,
125,A:50,HIS,2,0.222364,0.244808,-0.022444,
126,A:16,LYS,3,0.163929,0.186448,-0.022518,
127,A:122,HIS,3,0.159804,0.182351,-0.022547,
128,A:27,GLU,1,0.206893,0.231026,-0.024133,
129,A:47,ASP,2,0.226276,0.251397,-0.025121,
130,A:126,ASP,2,0.162353,0.187686,-0.025334,
131,A:103,HIS,1,0.194063,0.220646,-0.026583,
132,A:30,GLU,1,0.210590,0.243785,-0.033195,
133,A:40,LYS,1,0.211895,0.248218,-0.036323,
134,A:31,ARG,1,0.197331,0.234911,-0.037581,
135,A:45,HIS,1,0.228599,0.267081,-0.038482,
