rank,residue,resname,signal_from_active_site_at_gamma_0.5623,contacts,known_allosteric
1,A:61,LYS,0.278730,8,yes
2,A:64,ASP,0.268039,10,yes
3,A:48,LEU,0.261062,10,
4,A:56,LYS,0.259743,10,
5,A:36,PHE,0.258892,10,
6,A:89,HIS,0.258855,8,
7,A:46,PHE,0.255411,9,
8,A:34,LEU,0.254243,7,
9,A:55,VAL,0.250607,17,
10,A:57,ALA,0.249320,8,yes
11,A:54,GLN,0.249222,10,
12,A:60,LYS,0.247435,11,yes
13,A:53,ALA,0.246413,7,
14,A:90,LYS,0.244626,7,
15,A:100,LEU,0.242966,11,
16,A:85,ASP,0.242895,10,
17,A:44,PRO,0.240385,5,
18,A:33,PHE,0.239856,13,
19,A:52,SER,0.237523,10,
20,A:26,ALA,0.237374,15,
21,A:41,THR,0.237166,6,
22,A:28,ALA,0.234807,15,
23,A:139,LYS,0.234687,9,
24,A:38,THR,0.234378,6,
25,A:96,VAL,0.234345,6,
26,A:104,CYS,0.232527,14,
27,A:141,ARG,0.231280,3,
28,A:39,THR,0.230029,11,
29,A:51,GLY,0.229628,8,
30,A:32,MET,0.229485,12,
31,A:59,GLY,0.229350,14,
32,A:45,HIS,0.228599,3,
33,A:42,TYR,0.226800,8,
34,A:47,ASP,0.226276,7,
35,A:49,SER,0.224786,6,
36,A:82,ASN,0.224576,6,
37,A:105,LEU,0.223555,13,
38,A:21,ALA,0.223139,13,
39,A:66,LEU,0.222690,13,
40,A:50,HIS,0.222364,5,
41,A:25,GLY,0.220686,15,
42,A:37,PRO,0.220128,7,
43,A:137,THR,0.219758,13,
44,A:22,GLY,0.219432,12,
45,A:106,LEU,0.218886,13,
46,A:108,THR,0.218543,13,
47,A:35,GLY,0.216729,7,
48,A:63,GLY,0.216641,12,
49,A:98,PHE,0.216254,12,
50,A:17,VAL,0.215318,11,
51,A:92,ARG,0.213606,6,
52,A:65,ALA,0.212322,10,yes
53,A:24,TYR,0.211948,14,
54,A:40,LYS,0.211895,8,
55,A:109,LEU,0.211399,13,
56,A:84,SER,0.211119,14,
57,A:30,GLU,0.210590,12,
58,A:70,VAL,0.210352,11,
59,A:88,ALA,0.210343,14,
60,A:132,VAL,0.209836,14,
61,A:68,LEU,0.209741,10,
62,A:113,LEU,0.209729,11,
63,A:93,VAL,0.209526,11,
64,A:23,GLU,0.209069,9,
65,A:140,TYR,0.208405,5,
66,A:86,LEU,0.207767,9,
67,A:94,ASP,0.207538,5,
68,A:129,LEU,0.206967,11,
69,A:27,GLU,0.206893,10,
70,A:135,VAL,0.206838,11,
71,A:1,VAL,0.206625,5,
72,A:97,ASN,0.206541,12,
73,A:136,LEU,0.206233,13,
74,A:111,VAL,0.205950,8,
75,A:91,LEU,0.205474,8,
76,A:83,LEU,0.204940,9,yes
77,A:125,LEU,0.204847,14,
78,A:76,LEU,0.204445,12,
79,A:73,LEU,0.204124,13,
80,A:128,PHE,0.203851,14,
81,A:138,SER,0.203206,9,
82,A:81,SER,0.202940,8,
83,A:67,THR,0.202842,10,
84,A:110,ALA,0.202822,10,
85,A:69,ALA,0.202595,13,
86,A:2,LEU,0.202553,10,
87,A:80,LEU,0.202062,15,
88,A:10,VAL,0.202015,14,
89,A:107,SER,0.200864,10,
90,A:19,GLY,0.200488,6,
91,A:112,HIS,0.200092,8,
92,A:117,PHE,0.199783,12,
93,A:121,VAL,0.199321,12,
94,A:95,PRO,0.199201,8,
95,A:20,HIS,0.198779,8,
96,A:99,LYS,0.197532,9,
97,A:31,ARG,0.197331,11,
98,A:79,ALA,0.195554,10,
99,A:77,PRO,0.194587,9,
100,A:133,SER,0.194407,12,
101,A:103,HIS,0.194063,8,
102,A:102,SER,0.193702,13,
103,A:12,ALA,0.193446,9,
104,A:18,GLY,0.192691,6,
105,A:134,THR,0.192518,8,
106,A:13,ALA,0.191083,15,
107,A:120,ALA,0.190246,7,
108,A:123,ALA,0.189553,10,
109,A:15,SER,0.188790,7,
110,A:14,TRP,0.188766,11,
111,A:130,SER,0.188365,9,
112,A:71,GLY,0.187436,8,
113,A:78,GLY,0.187204,7,
114,A:131,SER,0.187005,12,
115,A:114,PRO,0.181421,7,
116,A:5,ALA,0.176918,7,
117,A:4,ALA,0.175523,5,
118,A:72,HIS,0.172389,11,
119,A:124,SER,0.171790,14,
120,A:75,ASP,0.169888,6,
121,A:8,THR,0.168737,8,
122,A:118,THR,0.168606,6,
123,A:74,ASP,0.168117,4,
124,A:116,ASP,0.167771,8,
125,A:115,ASN,0.167419,4,
126,A:3,SER,0.164055,5,
127,A:16,LYS,0.163929,8,
128,A:126,ASP,0.162353,10,
129,A:119,PRO,0.162339,5,
130,A:11,LYS,0.161245,11,
131,A:127,LYS,0.160610,10,
132,A:122,HIS,0.159804,11,
133,A:6,ASP,0.158400,12,
134,A:9,ASN,0.156533,13,
135,A:7,LYS,0.154760,10,
