rank,residue,resname,signal_from_active_site_at_gamma_10,contacts,known_allosteric
1,A:105,ALA,0.253535,7,
2,A:109,GLY,0.249766,12,
3,A:139,PRO,0.244767,6,
4,A:140,GLY,0.243754,4,
5,A:107,GLY,0.241145,12,
6,A:110,GLY,0.238527,9,
7,A:108,GLY,0.229805,15,
8,A:141,MET,0.229385,7,
9,A:104,GLY,0.222941,7,
10,A:96,ASN,0.219992,14,
11,A:138,PRO,0.217641,12,
12,A:111,LEU,0.213278,8,
13,A:136,CYS,0.212892,14,
14,A:97,ILE,0.212727,15,
15,A:112,THR,0.199820,11,
16,A:113,GLU,0.196892,12,
17,A:99,PHE,0.190638,12,
18,A:145,HIS,0.190169,16,yes
19,A:134,TYR,0.187438,12,
20,A:102,ALA,0.186595,10,
21,A:146,VAL,0.181152,14,
22,A:95,HIS,0.170189,14,yes
23,A:143,PRO,0.169621,8,
24,A:122,LEU,0.167992,11,
25,A:103,THR,0.166386,6,
26,A:124,PHE,0.164137,13,
27,A:94,MET,0.164041,9,
28,A:120,THR,0.160913,10,
29,A:114,ILE,0.156618,13,
30,A:85,LEU,0.150861,16,
31,A:115,ASN,0.147953,7,
32,A:144,TRP,0.147520,11,yes
33,A:150,GLY,0.145558,16,
34,A:101,ALA,0.144583,12,
35,A:93,LEU,0.142254,10,yes
36,A:121,ILE,0.141409,8,
37,A:118,GLU,0.141068,7,
38,A:151,ASN,0.140252,16,
39,A:248,ALA,0.140246,11,
40,A:133,VAL,0.140099,13,
41,A:119,LYS,0.139525,9,
42,A:87,ASN,0.139171,14,
43,A:62,MET,0.137640,13,yes
44,A:117,GLY,0.134991,9,
45,A:152,GLY,0.132402,14,
46,A:86,ILE,0.132341,10,
47,A:116,PRO,0.132215,11,
48,A:64,PHE,0.131742,15,
49,A:286,GLY,0.131100,9,
50,A:83,LEU,0.130547,13,
51,A:45,ILE,0.127662,14,
52,A:84,THR,0.127494,11,
53,A:91,ASN,0.127345,12,
54,A:148,SER,0.126849,11,yes
55,A:147,VAL,0.126770,12,
56,A:132,PHE,0.126463,14,
57,A:88,PRO,0.125387,10,
58,A:81,LEU,0.123370,16,
59,A:123,ARG,0.123092,9,
60,A:89,GLU,0.122999,5,
61,A:149,GLY,0.122606,14,
62,A:44,VAL,0.122030,9,
63,A:90,THR,0.120719,5,
64,A:249,ASN,0.120659,10,
65,A:43,MET,0.118682,13,
66,A:125,LYS,0.117266,8,
67,A:46,GLU,0.116234,10,
68,A:154,ILE,0.116079,14,
69,A:42,THR,0.114857,10,
70,A:63,ALA,0.114257,15,
71,A:126,ALA,0.113479,15,
72,A:82,GLU,0.113385,12,
73,A:47,GLU,0.113274,12,yes
74,A:70,GLY,0.113176,14,
75,A:66,GLY,0.112504,10,
76,A:287,ALA,0.111266,13,
77,A:127,THR,0.110459,6,
78,A:153,ALA,0.110355,15,
79,A:41,PHE,0.109225,12,
80,A:92,THR,0.108710,7,
81,A:65,ASN,0.108130,11,
82,A:61,ALA,0.106365,13,
83,A:69,PRO,0.105736,17,
84,A:68,VAL,0.105490,12,
85,A:67,THR,0.102860,12,
86,A:40,GLU,0.102575,11,
87,A:80,TYR,0.101768,14,
88,A:246,SER,0.101531,19,
89,A:71,PRO,0.101057,15,
90,A:73,MET,0.100998,13,
91,A:48,LYS,0.100968,8,
92,A:39,VAL,0.100696,12,
93,A:75,VAL,0.099498,13,
94,A:285,GLY,0.099123,10,
95,A:19,LEU,0.098931,11,
96,A:156,VAL,0.096864,15,
97,A:72,LEU,0.096616,13,
98,A:247,GLN,0.095876,17,
99,A:199,PRO,0.095821,11,yes
100,A:38,VAL,0.095649,12,
101,A:288,ALA,0.095054,14,
102,A:155,MET,0.094998,13,
103,A:210,MET,0.094958,11,
104,A:17,VAL,0.094783,10,
105,A:16,LYS,0.094419,7,
106,A:79,ASP,0.093818,14,
107,A:284,PRO,0.093354,7,
108,A:131,VAL,0.093093,13,
109,A:21,ASP,0.092578,7,
110,A:78,ASP,0.092277,8,
111,A:128,LYS,0.091526,9,
112,A:60,HIS,0.090750,12,yes
113,A:181,GLN,0.090456,14,
114,A:14,ARG,0.090394,8,
115,A:74,VAL,0.090145,9,
116,A:15,GLN,0.089924,8,
117,A:22,PRO,0.089119,13,
118,A:179,GLY,0.088929,14,
119,A:130,GLY,0.087990,15,
120,A:77,GLN,0.087941,11,
121,A:50,ILE,0.087513,11,
122,A:59,VAL,0.087282,11,
123,A:20,VAL,0.086999,8,
124,A:250,ARG,0.086491,7,
125,A:203,TYR,0.086206,9,
126,A:18,GLU,0.085999,6,
127,A:222,GLY,0.085983,14,
128,A:26,HIS,0.085918,12,
129,A:182,ASP,0.085197,11,
130,A:200,GLY,0.084983,8,
131,A:49,LYS,0.084911,7,
132,A:207,VAL,0.084906,9,
133,A:198,ALA,0.084398,7,
134,A:37,LYS,0.084140,12,
135,A:177,TYR,0.084124,15,
136,A:76,HIS,0.083875,10,
137,A:13,PRO,0.082971,5,
138,A:36,PRO,0.082938,6,
139,A:206,THR,0.082061,12,
140,A:283,ILE,0.081646,16,
141,A:268,GLY,0.081161,14,
142,A:27,ALA,0.080801,4,
143,A:244,VAL,0.080358,15,
144,A:251,ASP,0.080285,8,
145,A:129,PRO,0.079732,9,
146,A:201,ASP,0.079433,7,
147,A:184,TYR,0.079225,11,
148,A:202,ALA,0.079216,11,
149,A:25,VAL,0.078990,9,
150,A:24,PHE,0.078933,8,
151,A:157,LEU,0.077973,16,
152,A:183,PHE,0.077305,12,
153,A:204,GLU,0.077238,6,
154,A:245,HIS,0.077050,15,
155,A:196,TYR,0.076890,10,
156,A:289,GLY,0.076598,15,
157,A:221,ASN,0.076399,14,
158,A:208,LYS,0.076160,9,
159,A:209,VAL,0.076010,13,
160,A:212,THR,0.075505,7,
161,A:180,GLU,0.075376,13,
162,A:269,LYS,0.075265,9,
163,A:211,ARG,0.075099,6,
164,A:205,ASP,0.075092,10,
165,A:213,LEU,0.074844,4,
166,A:267,THR,0.074796,7,
167,A:271,ASN,0.074126,5,
168,A:290,ALA,0.073975,14,
169,A:197,GLU,0.073833,3,
170,A:270,PHE,0.073826,12,
171,A:252,THR,0.072983,13,
172,A:12,LEU,0.072743,10,
173,A:159,ARG,0.072008,9,
174,A:58,GLU,0.071429,10,
175,A:28,HIS,0.071208,7,
176,A:185,VAL,0.070677,13,
177,A:178,VAL,0.070530,16,
178,A:52,ILE,0.070511,14,
179,A:215,PRO,0.070371,10,
180,A:158,PRO,0.070355,11,
181,A:35,GLY,0.070183,4,
182,A:51,VAL,0.070005,8,
183,A:214,THR,0.069766,5,
184,A:282,PHE,0.069338,9,
185,A:186,PRO,0.068439,11,
186,A:265,TRP,0.067978,15,
187,A:23,PRO,0.067954,8,
188,A:217,HIS,0.067678,14,
189,A:216,THR,0.067469,10,
190,A:223,ALA,0.067148,10,
191,A:32,ALA,0.066986,11,
192,A:272,THR,0.066513,8,
193,A:219,VAL,0.066067,16,
194,A:57,THR,0.065641,10,
195,A:218,VAL,0.065355,13,
196,A:220,PHE,0.065128,14,
197,A:34,GLY,0.065025,4,
198,A:266,ALA,0.064863,11,
199,A:195,LYS,0.063876,4,
200,A:194,LYS,0.063844,10,
201,A:176,TYR,0.062499,12,
202,A:224,VAL,0.061887,9,
203,A:56,GLY,0.061851,8,
204,A:193,TYR,0.061301,12,
205,A:175,ILE,0.060981,9,
206,A:53,ASP,0.060926,10,
207,A:253,ARG,0.060384,11,
208,A:31,VAL,0.060203,7,
209,A:160,GLU,0.060096,6,
210,A:314,LEU,0.059692,11,
211,A:254,PRO,0.059423,16,
212,A:29,SER,0.059421,5,
213,A:316,ALA,0.059149,13,
214,A:226,ALA,0.059130,11,
215,A:187,ARG,0.059092,9,
216,A:281,TRP,0.058922,13,
217,A:243,ILE,0.058781,14,
218,A:161,GLY,0.058776,12,
219,A:55,ALA,0.058685,5,
220,A:315,GLY,0.057669,14,
221,A:33,GLU,0.057419,4,
222,A:30,GLN,0.057315,8,
223,A:305,ASN,0.057286,13,
224,A:310,GLU,0.057273,12,
225,A:264,VAL,0.056812,14,
226,A:291,ALA,0.056703,16,
227,A:162,LEU,0.056246,13,
228,A:54,ASP,0.055873,4,
229,A:242,LEU,0.055867,12,
230,A:9,ILE,0.055547,8,
231,A:280,THR,0.054786,8,
232,A:225,GLY,0.054380,12,
233,A:227,LEU,0.053712,13,
234,A:274,PRO,0.053479,11,
235,A:311,ALA,0.053433,15,
236,A:307,ASN,0.053286,8,
237,A:275,ASP,0.053279,9,
238,A:306,HIS,0.052824,9,
239,A:188,ASP,0.052640,7,
240,A:192,LYS,0.052560,6,
241,A:163,HIS,0.052456,11,
242,A:11,ALA,0.052372,5,
243,A:309,ILE,0.051809,7,
244,A:263,TYR,0.051802,11,
245,A:10,ALA,0.051661,6,
246,A:292,PHE,0.051476,16,
247,A:255,HIS,0.051408,11,
248,A:317,ALA,0.051381,13,
249,A:313,GLU,0.051367,6,
250,A:318,ALA,0.051233,15,
251,A:312,PHE,0.050759,7,
252,A:276,VAL,0.050679,9,
253,A:308,LEU,0.050604,7,
254,A:278,GLN,0.050588,12,
255,A:191,GLY,0.050585,6,
256,A:304,VAL,0.050570,13,
257,A:273,PRO,0.050349,3,
258,A:170,LEU,0.049927,11,
259,A:172,TYR,0.049061,11,
260,A:8,GLU,0.048988,7,
261,A:7,ALA,0.048693,6,
262,A:169,ALA,0.048632,7,
263,A:171,THR,0.048605,8,
264,A:261,GLY,0.048505,13,
265,A:303,TYR,0.048401,15,
266,A:228,THR,0.047946,9,
267,A:6,ALA,0.047545,5,
268,A:241,VAL,0.047014,14,
269,A:262,ASP,0.046961,11,
270,A:279,GLU,0.046758,4,
271,A:164,ASP,0.046639,10,
272,A:277,ASP,0.046422,6,
273,A:190,ASN,0.046293,4,
274,A:233,MET,0.045846,11,
275,A:165,GLY,0.045645,6,
276,A:256,LEU,0.045567,14,
277,A:5,THR,0.045542,4,
278,A:174,LYS,0.045289,9,
279,A:231,LYS,0.045029,7,
280,A:189,GLU,0.044555,3,
281,A:293,TYR,0.044384,12,
282,A:302,ALA,0.044280,11,
283,A:167,GLY,0.044198,6,
284,A:168,LYS,0.043802,6,
285,A:260,HIS,0.043761,9,
286,A:229,GLY,0.043518,6,
287,A:240,LYS,0.043205,12,
288,A:257,ILE,0.042829,8,
289,A:319,HIS,0.042723,13,
290,A:173,ASP,0.042548,6,
291,A:232,ALA,0.042538,12,
292,A:166,LYS,0.041486,4,
293,A:320,PHE,0.039614,14,
294,A:294,THR,0.038891,9,
295,A:230,ASP,0.038734,3,
296,A:301,TYR,0.037713,12,
297,A:259,GLY,0.037588,10,
298,A:300,ILE,0.036827,8,
299,A:239,GLU,0.036805,10,
300,A:258,GLY,0.036765,6,
301,A:235,ALA,0.036105,11,
302,A:321,LYS,0.034999,11,
303,A:234,THR,0.034534,8,
304,A:295,PHE,0.034507,13,
305,A:238,GLY,0.032756,7,
306,A:322,VAL,0.031763,14,
307,A:236,ALA,0.030642,9,
308,A:299,GLY,0.029702,7,
309,A:323,THR,0.029374,9,
310,A:237,VAL,0.028061,12,
311,A:296,GLN,0.027482,8,
312,A:297,GLN,0.025596,12,
313,A:324,GLY,0.024827,7,
314,A:298,PRO,0.024723,8,
315,A:325,GLU,0.020933,5,
316,A:326,TRP,0.020121,6,
317,A:327,ASN,0.018512,9,
318,A:330,LEU,0.016566,6,
319,A:328,ASP,0.013929,6,
320,A:331,MET,0.013327,6,
321,A:329,ASP,0.012574,4,
322,A:332,THR,0.009461,5,
323,A:333,SER,0.006086,5,
324,A:334,VAL,0.004960,3,
325,A:335,LEU,0.003240,4,
326,A:336,ALA,0.002564,4,
327,A:338,SER,0.001688,4,
328,A:337,PRO,0.001377,3,
329,A:339,GLY,0.001099,2,
