rank,residue,resname,hops_from_start,quantum_at_gamma_10,classical_at_rate_0.1712,quantum_minus_classical,known_allosteric
1,A:141,MET,1,0.229385,0.216957,0.012428,
2,A:111,LEU,2,0.213278,0.207565,0.005713,
3,A:121,ILE,3,0.141409,0.135812,0.005597,
4,A:134,TYR,1,0.187438,0.182532,0.004905,
5,A:122,LEU,2,0.167992,0.163414,0.004578,
6,A:112,THR,2,0.199820,0.196231,0.003588,
7,A:105,ALA,1,0.253535,0.249973,0.003562,
8,A:97,ILE,1,0.212727,0.209178,0.003549,
9,A:96,ASN,1,0.219992,0.216967,0.003026,
10,A:44,VAL,4,0.122030,0.119208,0.002822,
11,A:75,VAL,3,0.099498,0.096958,0.002540,
12,A:147,VAL,2,0.126770,0.124288,0.002482,
13,A:86,ILE,3,0.132341,0.130000,0.002341,
14,A:107,GLY,1,0.241145,0.239039,0.002106,
15,A:276,VAL,4,0.050679,0.048645,0.002034,
16,A:68,VAL,2,0.105490,0.103501,0.001989,
17,A:67,THR,3,0.102860,0.101047,0.001813,
18,A:17,VAL,4,0.094783,0.092985,0.001799,
19,A:83,LEU,2,0.130547,0.128750,0.001798,
20,A:84,THR,3,0.127494,0.125801,0.001693,
21,A:124,PHE,2,0.164137,0.162562,0.001575,
22,A:170,LEU,5,0.049927,0.048475,0.001452,
23,A:120,THR,3,0.160913,0.159551,0.001362,
24,A:108,GLY,1,0.229805,0.228447,0.001358,
25,A:25,VAL,3,0.078990,0.077637,0.001353,
26,A:282,PHE,3,0.069338,0.067986,0.001353,
27,A:290,ALA,3,0.073975,0.072638,0.001336,
28,A:39,VAL,3,0.100696,0.099360,0.001335,
29,A:50,ILE,3,0.087513,0.086294,0.001219,
30,A:41,PHE,3,0.109225,0.108023,0.001203,
31,A:157,LEU,3,0.077973,0.076781,0.001193,
32,A:237,VAL,6,0.028061,0.026919,0.001143,
33,A:22,PRO,3,0.089119,0.087999,0.001121,
34,A:241,VAL,5,0.047014,0.045966,0.001048,
35,A:270,PHE,3,0.073826,0.072808,0.001018,
36,A:102,ALA,1,0.186595,0.185579,0.001016,
37,A:74,VAL,3,0.090145,0.089180,0.000966,
38,A:19,LEU,3,0.098931,0.097989,0.000942,
39,A:292,PHE,4,0.051476,0.050561,0.000915,
40,A:162,LEU,4,0.056246,0.055362,0.000884,
41,A:27,ALA,4,0.080801,0.079924,0.000877,
42,A:322,VAL,6,0.031763,0.030897,0.000867,
43,A:66,GLY,3,0.112504,0.111649,0.000855,
44,A:283,ILE,2,0.081646,0.080814,0.000832,
45,A:260,HIS,5,0.043761,0.042942,0.000819,
46,A:244,VAL,3,0.080358,0.079571,0.000788,
47,A:20,VAL,3,0.086999,0.086212,0.000787,
48,A:131,VAL,2,0.093093,0.092310,0.000783,
49,A:295,PHE,5,0.034507,0.033725,0.000782,
50,A:21,ASP,3,0.092578,0.091811,0.000767,
51,A:261,GLY,4,0.048505,0.047745,0.000760,
52,A:159,ARG,4,0.072008,0.071274,0.000733,
53,A:175,ILE,4,0.060981,0.060274,0.000707,
54,A:264,VAL,3,0.056812,0.056133,0.000679,
55,A:238,GLY,6,0.032756,0.032078,0.000678,
56,A:279,GLU,5,0.046758,0.046081,0.000677,
57,A:263,TYR,4,0.051802,0.051132,0.000670,
58,A:177,TYR,3,0.084124,0.083455,0.000669,
59,A:145,HIS,1,0.190169,0.189503,0.000666,yes
60,A:243,ILE,4,0.058781,0.058120,0.000661,
61,A:64,PHE,2,0.131742,0.131104,0.000638,
62,A:169,ALA,5,0.048632,0.048001,0.000631,
63,A:24,PHE,4,0.078933,0.078303,0.000630,
64,A:127,THR,3,0.110459,0.109834,0.000625,
65,A:31,VAL,5,0.060203,0.059594,0.000609,
66,A:280,THR,4,0.054786,0.054207,0.000579,
67,A:81,LEU,2,0.123370,0.122809,0.000561,
68,A:257,ILE,5,0.042829,0.042280,0.000549,
69,A:259,GLY,5,0.037588,0.037055,0.000534,
70,A:239,GLU,6,0.036805,0.036305,0.000501,
71,A:126,ALA,2,0.113479,0.113011,0.000468,
72,A:258,GLY,5,0.036765,0.036333,0.000433,
73,A:161,GLY,4,0.058776,0.058349,0.000426,
74,A:236,ALA,6,0.030642,0.030216,0.000426,
75,A:277,ASP,5,0.046422,0.046010,0.000412,
76,A:242,LEU,4,0.055867,0.055456,0.000410,
77,A:300,ILE,6,0.036827,0.036425,0.000403,
78,A:136,CYS,1,0.212892,0.212503,0.000389,
79,A:43,MET,3,0.118682,0.118302,0.000380,
80,A:256,LEU,4,0.045567,0.045208,0.000359,
81,A:323,THR,7,0.029374,0.029037,0.000337,
82,A:110,GLY,1,0.238527,0.238195,0.000331,
83,A:221,ASN,3,0.076399,0.076096,0.000303,
84,A:324,GLY,7,0.024827,0.024529,0.000298,
85,A:266,ALA,3,0.064863,0.064570,0.000293,
86,A:167,GLY,5,0.044198,0.043958,0.000240,
87,A:294,THR,5,0.038891,0.038654,0.000237,
88,A:155,MET,2,0.094998,0.094763,0.000236,
89,A:222,GLY,3,0.085983,0.085751,0.000233,
90,A:326,TRP,7,0.020121,0.019891,0.000230,
91,A:224,VAL,4,0.061887,0.061668,0.000219,
92,A:232,ALA,5,0.042538,0.042331,0.000207,
93,A:235,ALA,6,0.036105,0.035932,0.000173,
94,A:178,VAL,3,0.070530,0.070365,0.000166,
95,A:255,HIS,4,0.051408,0.051253,0.000155,
96,A:63,ALA,2,0.114257,0.114104,0.000152,
97,A:158,PRO,3,0.070355,0.070206,0.000149,
98,A:291,ALA,3,0.056703,0.056563,0.000140,
99,A:95,HIS,2,0.170189,0.170056,0.000133,yes
100,A:298,PRO,7,0.024723,0.024592,0.000131,
101,A:23,PRO,4,0.067954,0.067836,0.000118,
102,A:171,THR,5,0.048605,0.048509,0.000095,
103,A:296,GLN,6,0.027482,0.027404,0.000078,
104,A:165,GLY,5,0.045645,0.045573,0.000072,
105,A:273,PRO,4,0.050349,0.050278,0.000071,
106,A:297,GLN,6,0.025596,0.025532,0.000064,
107,A:339,GLY,11,0.001099,0.001039,0.000060,
108,A:150,GLY,1,0.145558,0.145500,0.000058,
109,A:274,PRO,4,0.053479,0.053428,0.000051,
110,A:233,MET,5,0.045846,0.045822,0.000025,
111,A:166,LYS,6,0.041486,0.041472,0.000014,
112,A:156,VAL,2,0.096864,0.096858,0.000006,
113,A:332,THR,8,0.009461,0.009456,0.000005,
114,A:320,PHE,5,0.039614,0.039614,-0.000000,
115,A:337,PRO,10,0.001377,0.001378,-0.000000,
116,A:281,TRP,3,0.058922,0.058935,-0.000013,
117,A:254,PRO,3,0.059423,0.059437,-0.000014,
118,A:88,PRO,4,0.125387,0.125404,-0.000017,
119,A:113,GLU,2,0.196892,0.196918,-0.000026,
120,A:338,SER,10,0.001688,0.001715,-0.000027,
121,A:172,TYR,5,0.049061,0.049095,-0.000034,
122,A:70,GLY,2,0.113176,0.113211,-0.000035,
123,A:278,GLN,4,0.050588,0.050629,-0.000041,
124,A:293,TYR,4,0.044384,0.044428,-0.000044,
125,A:85,LEU,2,0.150861,0.150907,-0.000046,
126,A:335,LEU,9,0.003240,0.003288,-0.000048,
127,A:51,VAL,4,0.070005,0.070055,-0.000050,
128,A:333,SER,8,0.006086,0.006138,-0.000053,
129,A:173,ASP,6,0.042548,0.042601,-0.000053,
130,A:234,THR,6,0.034534,0.034587,-0.000054,
131,A:77,GLN,3,0.087941,0.087997,-0.000056,
132,A:325,GLU,7,0.020933,0.020992,-0.000059,
133,A:299,GLY,6,0.029702,0.029762,-0.000060,
134,A:336,ALA,9,0.002564,0.002625,-0.000061,
135,A:73,MET,3,0.100998,0.101084,-0.000086,
136,A:245,HIS,3,0.077050,0.077140,-0.000089,
137,A:119,LYS,3,0.139525,0.139626,-0.000102,
138,A:45,ILE,3,0.127662,0.127770,-0.000108,
139,A:90,THR,4,0.120719,0.120832,-0.000113,
140,A:163,HIS,4,0.052456,0.052592,-0.000136,
141,A:334,VAL,9,0.004960,0.005122,-0.000162,
142,A:312,PHE,5,0.050759,0.050948,-0.000189,
143,A:262,ASP,4,0.046961,0.047159,-0.000198,
144,A:302,ALA,5,0.044280,0.044480,-0.000200,
145,A:229,GLY,5,0.043518,0.043744,-0.000226,
146,A:48,LYS,3,0.100968,0.101202,-0.000234,
147,A:176,TYR,4,0.062499,0.062749,-0.000250,
148,A:286,GLY,1,0.131100,0.131371,-0.000271,
149,A:80,TYR,3,0.101768,0.102046,-0.000279,
150,A:72,LEU,2,0.096616,0.096897,-0.000280,
151,A:246,SER,2,0.101531,0.101814,-0.000283,
152,A:179,GLY,2,0.088929,0.089261,-0.000331,
153,A:164,ASP,5,0.046639,0.046971,-0.000331,
154,A:160,GLU,4,0.060096,0.060428,-0.000331,
155,A:328,ASP,8,0.013929,0.014262,-0.000332,
156,A:275,ASP,4,0.053279,0.053611,-0.000333,
157,A:181,GLN,2,0.090456,0.090802,-0.000346,
158,A:252,THR,3,0.072983,0.073350,-0.000367,
159,A:301,TYR,5,0.037713,0.038085,-0.000371,
160,A:109,GLY,1,0.249766,0.250140,-0.000375,
161,A:140,GLY,1,0.243754,0.244143,-0.000388,
162,A:306,HIS,4,0.052824,0.053235,-0.000411,
163,A:265,TRP,3,0.067978,0.068394,-0.000416,
164,A:309,ILE,5,0.051809,0.052243,-0.000434,
165,A:304,VAL,4,0.050570,0.051006,-0.000436,
166,A:14,ARG,4,0.090394,0.090855,-0.000461,
167,A:327,ASN,7,0.018512,0.018973,-0.000461,
168,A:29,SER,5,0.059421,0.059887,-0.000466,
169,A:69,PRO,2,0.105736,0.106211,-0.000475,
170,A:240,LYS,5,0.043205,0.043682,-0.000477,
171,A:288,ALA,2,0.095054,0.095546,-0.000492,
172,A:129,PRO,3,0.079732,0.080230,-0.000498,
173,A:311,ALA,4,0.053433,0.053945,-0.000512,
174,A:303,TYR,4,0.048401,0.048917,-0.000515,
175,A:308,LEU,5,0.050604,0.051125,-0.000521,
176,A:168,LYS,5,0.043802,0.044370,-0.000567,
177,A:18,GLU,4,0.085999,0.086579,-0.000579,
178,A:117,GLY,3,0.134991,0.135578,-0.000588,
179,A:101,ALA,1,0.144583,0.145176,-0.000593,
180,A:61,ALA,2,0.106365,0.106958,-0.000593,
181,A:71,PRO,2,0.101057,0.101676,-0.000619,
182,A:30,GLN,4,0.057315,0.057958,-0.000643,
183,A:209,VAL,3,0.076010,0.076663,-0.000652,
184,A:314,LEU,4,0.059692,0.060348,-0.000655,
185,A:228,THR,5,0.047946,0.048603,-0.000656,
186,A:329,ASP,8,0.012574,0.013237,-0.000663,
187,A:65,ASN,3,0.108130,0.108797,-0.000667,
188,A:87,ASN,3,0.139171,0.139838,-0.000668,
189,A:52,ILE,4,0.070511,0.071179,-0.000668,
190,A:55,ALA,5,0.058685,0.059354,-0.000669,
191,A:284,PRO,2,0.093354,0.094029,-0.000675,
192,A:46,GLU,3,0.116234,0.116967,-0.000733,
193,A:32,ALA,4,0.066986,0.067722,-0.000736,
194,A:59,VAL,3,0.087282,0.088021,-0.000739,
195,A:321,LYS,6,0.034999,0.035740,-0.000741,
196,A:7,ALA,5,0.048693,0.049443,-0.000750,
197,A:289,GLY,2,0.076598,0.077348,-0.000750,
198,A:215,PRO,4,0.070371,0.071132,-0.000762,
199,A:331,MET,7,0.013327,0.014095,-0.000767,
200,A:317,ALA,4,0.051381,0.052149,-0.000768,
201,A:271,ASN,3,0.074126,0.074897,-0.000771,
202,A:49,LYS,3,0.084911,0.085694,-0.000783,
203,A:307,ASN,4,0.053286,0.054075,-0.000789,
204,A:36,PRO,4,0.082938,0.083747,-0.000809,
205,A:214,THR,4,0.069766,0.070578,-0.000812,
206,A:130,GLY,2,0.087990,0.088810,-0.000819,
207,A:42,THR,3,0.114857,0.115677,-0.000820,
208,A:310,GLU,4,0.057273,0.058106,-0.000833,
209,A:272,THR,3,0.066513,0.067354,-0.000841,
210,A:305,ASN,4,0.057286,0.058132,-0.000846,
211,A:189,GLU,5,0.044555,0.045471,-0.000916,
212,A:26,HIS,3,0.085918,0.086842,-0.000924,
213,A:330,LEU,7,0.016566,0.017491,-0.000925,
214,A:180,GLU,3,0.075376,0.076309,-0.000933,
215,A:230,ASP,6,0.038734,0.039674,-0.000940,
216,A:78,ASP,3,0.092277,0.093217,-0.000941,
217,A:223,ALA,4,0.067148,0.068097,-0.000949,
218,A:227,LEU,4,0.053712,0.054677,-0.000964,
219,A:251,ASP,3,0.080285,0.081263,-0.000977,
220,A:13,PRO,4,0.082971,0.083948,-0.000977,
221,A:190,ASN,5,0.046293,0.047274,-0.000981,
222,A:185,VAL,3,0.070677,0.071668,-0.000991,
223,A:316,ALA,4,0.059149,0.060151,-0.001002,
224,A:149,GLY,2,0.122606,0.123617,-0.001011,
225,A:319,HIS,5,0.042723,0.043739,-0.001016,
226,A:183,PHE,3,0.077305,0.078331,-0.001027,
227,A:35,GLY,5,0.070183,0.071215,-0.001032,
228,A:16,LYS,4,0.094419,0.095463,-0.001044,
229,A:40,GLU,3,0.102575,0.103628,-0.001053,
230,A:118,GLU,3,0.141068,0.142138,-0.001070,
231,A:191,GLY,5,0.050585,0.051660,-0.001075,
232,A:174,LYS,5,0.045289,0.046387,-0.001098,
233,A:253,ARG,3,0.060384,0.061520,-0.001136,
234,A:318,ALA,4,0.051233,0.052372,-0.001139,
235,A:315,GLY,4,0.057669,0.058823,-0.001154,
236,A:6,ALA,5,0.047545,0.048708,-0.001163,
237,A:76,HIS,3,0.083875,0.085055,-0.001180,
238,A:216,THR,4,0.067469,0.068655,-0.001186,
239,A:89,GLU,4,0.122999,0.124187,-0.001188,
240,A:225,GLY,4,0.054380,0.055582,-0.001202,
241,A:152,GLY,1,0.132402,0.133611,-0.001209,
242,A:116,PRO,3,0.132215,0.133424,-0.001209,
243,A:91,ASN,3,0.127345,0.128563,-0.001218,
244,A:15,GLN,4,0.089924,0.091172,-0.001248,
245,A:34,GLY,5,0.065025,0.066319,-0.001294,
246,A:79,ASP,3,0.093818,0.095126,-0.001308,
247,A:269,LYS,3,0.075265,0.076583,-0.001318,
248,A:62,MET,2,0.137640,0.138994,-0.001354,yes
249,A:153,ALA,2,0.110355,0.111777,-0.001422,
250,A:217,HIS,3,0.067678,0.069104,-0.001426,
251,A:267,THR,2,0.074796,0.076244,-0.001448,
252,A:33,GLU,5,0.057419,0.058919,-0.001500,
253,A:154,ILE,2,0.116079,0.117585,-0.001506,
254,A:10,ALA,5,0.051661,0.053180,-0.001519,
255,A:12,LEU,4,0.072743,0.074262,-0.001519,
256,A:182,ASP,3,0.085197,0.086726,-0.001529,
257,A:99,PHE,1,0.190638,0.192170,-0.001532,
258,A:11,ALA,5,0.052372,0.053914,-0.001543,
259,A:56,GLY,5,0.061851,0.063417,-0.001566,
260,A:54,ASP,5,0.055873,0.057480,-0.001607,
261,A:220,PHE,3,0.065128,0.066753,-0.001625,
262,A:28,HIS,4,0.071208,0.072847,-0.001639,
263,A:125,LYS,3,0.117266,0.118906,-0.001640,
264,A:226,ALA,4,0.059130,0.060773,-0.001643,
265,A:268,GLY,2,0.081161,0.082827,-0.001666,
266,A:138,PRO,1,0.217641,0.219325,-0.001684,
267,A:313,GLU,5,0.051367,0.053063,-0.001696,
268,A:82,GLU,3,0.113385,0.115179,-0.001794,
269,A:38,VAL,3,0.095649,0.097445,-0.001796,
270,A:146,VAL,1,0.181152,0.182951,-0.001798,
271,A:218,VAL,3,0.065355,0.067159,-0.001804,
272,A:57,THR,4,0.065641,0.067448,-0.001806,
273,A:188,ASP,4,0.052640,0.054498,-0.001858,
274,A:47,GLU,3,0.113274,0.115134,-0.001859,yes
275,A:184,TYR,3,0.079225,0.081106,-0.001881,
276,A:193,TYR,4,0.061301,0.063220,-0.001918,
277,A:37,LYS,4,0.084140,0.086063,-0.001923,
278,A:92,THR,3,0.108710,0.110674,-0.001964,
279,A:53,ASP,4,0.060926,0.062909,-0.001983,
280,A:123,ARG,3,0.123092,0.125114,-0.002022,
281,A:219,VAL,3,0.066067,0.068113,-0.002046,
282,A:213,LEU,3,0.074844,0.076902,-0.002058,
283,A:192,LYS,5,0.052560,0.054637,-0.002077,
284,A:58,GLU,4,0.071429,0.073591,-0.002162,
285,A:231,LYS,5,0.045029,0.047192,-0.002163,
286,A:285,GLY,2,0.099123,0.101294,-0.002170,
287,A:287,ALA,1,0.111266,0.113471,-0.002205,
288,A:60,HIS,3,0.090750,0.092979,-0.002229,yes
289,A:250,ARG,3,0.086491,0.088728,-0.002237,
290,A:212,THR,3,0.075505,0.077785,-0.002280,
291,A:5,THR,5,0.045542,0.047829,-0.002287,
292,A:195,LYS,5,0.063876,0.066180,-0.002304,
293,A:115,ASN,3,0.147953,0.150313,-0.002360,
294,A:202,ALA,3,0.079216,0.081658,-0.002442,
295,A:248,ALA,1,0.140246,0.142689,-0.002443,
296,A:9,ILE,4,0.055547,0.057992,-0.002444,
297,A:148,SER,2,0.126849,0.129405,-0.002556,yes
298,A:194,LYS,4,0.063844,0.066543,-0.002699,
299,A:199,PRO,3,0.095821,0.098570,-0.002748,yes
300,A:93,LEU,2,0.142254,0.145026,-0.002772,yes
301,A:198,ALA,4,0.084398,0.087179,-0.002780,
302,A:186,PRO,3,0.068439,0.071246,-0.002807,
303,A:114,ILE,2,0.156618,0.159484,-0.002866,
304,A:197,GLU,4,0.073833,0.076803,-0.002970,
305,A:210,MET,2,0.094958,0.097985,-0.003027,
306,A:143,PRO,1,0.169621,0.172692,-0.003071,
307,A:196,TYR,4,0.076890,0.080021,-0.003131,
308,A:200,GLY,3,0.084983,0.088163,-0.003180,
309,A:187,ARG,4,0.059092,0.062308,-0.003215,
310,A:132,PHE,1,0.126463,0.129829,-0.003366,
311,A:205,ASP,3,0.075092,0.078478,-0.003386,
312,A:128,LYS,2,0.091526,0.094988,-0.003462,
313,A:247,GLN,2,0.095876,0.099364,-0.003488,
314,A:8,GLU,5,0.048988,0.052518,-0.003530,
315,A:94,MET,2,0.164041,0.167659,-0.003617,
316,A:208,LYS,3,0.076160,0.079989,-0.003829,
317,A:201,ASP,3,0.079433,0.083343,-0.003910,
318,A:151,ASN,1,0.140252,0.144210,-0.003958,
319,A:204,GLU,3,0.077238,0.081231,-0.003993,
320,A:206,THR,2,0.082061,0.086119,-0.004058,
321,A:103,THR,2,0.166386,0.170480,-0.004094,
322,A:207,VAL,2,0.084906,0.089370,-0.004463,
323,A:144,TRP,1,0.147520,0.152060,-0.004540,yes
324,A:203,TYR,2,0.086206,0.091036,-0.004829,
325,A:211,ARG,3,0.075099,0.079969,-0.004870,
326,A:249,ASN,2,0.120659,0.125557,-0.004898,
327,A:104,GLY,1,0.222941,0.227882,-0.004941,
328,A:139,PRO,1,0.244767,0.249903,-0.005136,
329,A:133,VAL,1,0.140099,0.147515,-0.007416,
