rank,residue,resname,hops_from_start,quantum_at_gamma_17.78,classical_at_rate_0.1054,quantum_minus_classical,known_allosteric
1,A:168,MET,2,0.217267,0.214911,0.002357,
2,A:166,LEU,1,0.230805,0.229236,0.001569,
3,A:92,ALA,1,0.271277,0.269877,0.001400,
4,A:137,VAL,1,0.162691,0.161321,0.001370,
5,A:212,GLU,1,0.084505,0.083166,0.001339,
6,A:36,LEU,3,0.058966,0.057676,0.001290,
7,A:94,LEU,1,0.226814,0.225529,0.001285,
8,A:115,VAL,1,0.168281,0.167003,0.001278,
9,A:178,LEU,1,0.201805,0.200572,0.001233,
10,A:37,PHE,3,0.059669,0.058462,0.001207,
11,A:173,VAL,2,0.201228,0.200073,0.001155,
12,A:197,ILE,4,0.051789,0.050716,0.001074,
13,A:63,ALA,3,0.077062,0.076020,0.001042,
14,A:138,VAL,1,0.170438,0.169446,0.000991,
15,A:152,VAL,2,0.165949,0.165008,0.000941,
16,A:45,ILE,4,0.055944,0.055111,0.000832,
17,A:122,GLY,2,0.155417,0.154587,0.000831,
18,A:133,ILE,2,0.133053,0.132228,0.000825,
19,A:163,GLY,1,0.283533,0.282774,0.000759,
20,A:64,ALA,3,0.081655,0.080967,0.000687,
21,A:104,ILE,1,0.154174,0.153489,0.000685,
22,A:3,ILE,4,0.057966,0.057309,0.000657,
23,A:132,GLY,2,0.123168,0.122575,0.000593,
24,A:179,GLU,1,0.224909,0.224321,0.000588,
25,A:9,SER,2,0.125265,0.124694,0.000571,
26,A:48,MET,3,0.075644,0.075116,0.000528,
27,A:113,GLY,2,0.137900,0.137390,0.000510,
28,A:59,VAL,3,0.087078,0.086597,0.000481,
29,A:62,GLY,4,0.073572,0.073104,0.000468,
30,A:47,VAL,3,0.067806,0.067344,0.000462,
31,A:103,THR,2,0.134516,0.134074,0.000442,
32,A:121,PRO,2,0.162971,0.162555,0.000416,
33,A:5,ILE,3,0.076150,0.075741,0.000408,
34,A:101,ASP,3,0.152630,0.152239,0.000390,
35,A:110,ILE,1,0.143932,0.143545,0.000387,
36,A:26,VAL,3,0.064167,0.063782,0.000385,
37,A:-1,ALA,6,0.017125,0.016748,0.000377,
38,A:50,SER,2,0.104255,0.103882,0.000372,
39,A:177,ILE,1,0.196012,0.195640,0.000372,
40,A:32,VAL,4,0.038233,0.037872,0.000361,
41,A:174,ILE,1,0.168248,0.167899,0.000349,
42,A:193,THR,4,0.051195,0.050887,0.000308,
43,A:43,PRO,5,0.042110,0.041814,0.000295,
44,A:192,ALA,4,0.054219,0.053925,0.000294,
45,A:195,SER,4,0.051190,0.050917,0.000273,
46,A:28,LEU,3,0.064069,0.063807,0.000261,
47,A:49,PHE,2,0.079900,0.079651,0.000249,
48,A:183,LYS,1,0.151414,0.151172,0.000242,
49,A:214,LYS,2,0.032588,0.032357,0.000230,
50,A:201,LEU,3,0.062193,0.061964,0.000229,
51,A:196,GLY,4,0.049996,0.049781,0.000216,
52,A:1,PRO,5,0.044432,0.044223,0.000209,
53,A:58,PHE,3,0.088764,0.088560,0.000205,
54,A:140,LEU,2,0.168312,0.168132,0.000179,
55,A:171,LEU,1,0.197146,0.196990,0.000156,
56,A:204,GLY,3,0.064159,0.064007,0.000152,
57,A:40,THR,3,0.057820,0.057680,0.000141,
58,A:30,ASP,4,0.042558,0.042427,0.000131,
59,A:66,LEU,3,0.080262,0.080138,0.000124,
60,A:198,ILE,3,0.061875,0.061758,0.000118,
61,A:169,ASN,2,0.197040,0.196925,0.000115,
62,A:170,HIS,2,0.178955,0.178847,0.000109,
63,A:38,SER,3,0.052711,0.052611,0.000100,
64,A:272,VAL,6,0.003156,0.003058,0.000098,
65,A:266,ILE,5,0.005594,0.005504,0.000091,
66,A:106,GLY,2,0.142963,0.142873,0.000090,
67,A:21,LEU,2,0.082681,0.082591,0.000089,
68,A:221,ILE,6,0.002843,0.002774,0.000069,
69,A:164,THR,1,0.270817,0.270748,0.000069,
70,A:269,LEU,5,0.004156,0.004094,0.000062,
71,A:31,THR,4,0.044364,0.044304,0.000060,
72,A:274,ALA,6,0.003383,0.003324,0.000059,
73,A:219,LEU,5,0.004575,0.004518,0.000056,
74,A:277,ILE,5,0.005579,0.005523,0.000056,
75,A:41,GLN,4,0.054845,0.054791,0.000054,
76,A:128,LEU,1,0.142982,0.142929,0.000053,
77,A:102,SER,2,0.154283,0.154232,0.000051,
78,A:259,GLU,3,0.018095,0.018050,0.000045,
79,A:273,GLY,6,0.002828,0.002783,0.000045,
80,A:271,ALA,6,0.003278,0.003234,0.000044,
81,A:261,GLU,4,0.011388,0.011347,0.000040,
82,A:226,LEU,6,0.002617,0.002579,0.000038,
83,A:251,VAL,6,0.002511,0.002474,0.000037,
84,A:232,LEU,5,0.003857,0.003825,0.000032,
85,A:229,VAL,5,0.003498,0.003465,0.000032,
86,A:231,ALA,6,0.003214,0.003183,0.000032,
87,A:250,VAL,6,0.001953,0.001928,0.000025,
88,A:247,ASP,8,0.000942,0.000920,0.000022,
89,A:165,THR,1,0.259026,0.259008,0.000018,
90,A:249,GLY,7,0.001495,0.001478,0.000017,
91,A:265,LEU,4,0.006917,0.006900,0.000016,
92,A:246,SER,7,0.001246,0.001231,0.000016,
93,A:241,VAL,6,0.003441,0.003430,0.000011,
94,A:222,ASP,7,0.001861,0.001855,0.000006,
95,A:248,ASN,7,0.001286,0.001281,0.000006,
96,A:245,LEU,7,0.001267,0.001264,0.000003,
97,A:233,MET,4,0.006162,0.006160,0.000002,
98,A:224,LYS,7,0.001683,0.001682,0.000001,
99,A:225,ASN,6,0.002391,0.002392,-0.000000,
100,A:180,SER,1,0.241620,0.241621,-0.000001,
101,A:220,ASN,6,0.002989,0.002990,-0.000001,
102,A:244,VAL,6,0.002009,0.002011,-0.000002,
103,A:253,VAL,5,0.004273,0.004280,-0.000008,
104,A:258,ASP,3,0.018040,0.018051,-0.000011,
105,A:263,PHE,5,0.006868,0.006883,-0.000015,
106,A:278,LEU,5,0.007397,0.007416,-0.000019,
107,A:2,LYS,4,0.047637,0.047656,-0.000020,
108,A:223,ARG,7,0.001807,0.001827,-0.000020,
109,A:260,LYS,3,0.016503,0.016524,-0.000022,
110,A:230,ARG,5,0.003884,0.003907,-0.000023,
111,A:270,LYS,6,0.003625,0.003651,-0.000025,
112,A:275,ARG,6,0.003356,0.003384,-0.000027,
113,A:227,ASP,6,0.002585,0.002615,-0.000030,
114,A:25,GLY,3,0.064450,0.064480,-0.000030,
115,A:268,ARG,5,0.004179,0.004212,-0.000033,
116,A:123,ILE,1,0.175240,0.175274,-0.000034,
117,A:267,ASN,5,0.004616,0.004651,-0.000036,
118,A:239,PRO,5,0.005558,0.005595,-0.000038,
119,A:29,LYS,4,0.050942,0.050982,-0.000040,
120,A:252,ALA,5,0.003364,0.003405,-0.000041,
121,A:217,VAL,4,0.009747,0.009789,-0.000041,
122,A:228,ARG,6,0.002745,0.002786,-0.000042,
123,A:46,GLU,4,0.057823,0.057871,-0.000048,
124,A:111,PRO,2,0.132760,0.132814,-0.000054,
125,A:150,ILE,2,0.159059,0.159113,-0.000054,
126,A:24,ALA,2,0.070704,0.070762,-0.000059,
127,A:215,ARG,3,0.017992,0.018052,-0.000060,
128,A:238,GLY,5,0.006691,0.006754,-0.000063,yes
129,A:242,SER,5,0.003276,0.003343,-0.000067,
130,A:243,GLU,6,0.002003,0.002073,-0.000069,
131,A:42,HIS,4,0.052010,0.052081,-0.000071,
132,A:93,SER,1,0.252066,0.252138,-0.000072,
133,A:234,PRO,5,0.005411,0.005494,-0.000083,
134,A:44,GLN,5,0.044266,0.044358,-0.000093,
135,A:240,THR,5,0.005298,0.005394,-0.000096,yes
136,A:194,LYS,4,0.053020,0.053118,-0.000097,
137,A:190,SER,3,0.062574,0.062676,-0.000102,
138,A:0,VAL,5,0.032422,0.032529,-0.000107,
139,A:218,MET,4,0.007255,0.007369,-0.000114,
140,A:262,VAL,4,0.011170,0.011297,-0.000127,
141,A:91,ARG,1,0.260239,0.260367,-0.000128,
142,A:276,ASP,5,0.004447,0.004576,-0.000130,
143,A:264,ASN,5,0.006417,0.006571,-0.000154,
144,A:7,VAL,2,0.103031,0.103194,-0.000163,
145,A:191,TYR,3,0.061455,0.061622,-0.000167,
146,A:60,ALA,3,0.088191,0.088359,-0.000169,
147,A:255,ALA,4,0.008343,0.008530,-0.000187,yes
148,A:189,GLU,4,0.058973,0.059165,-0.000192,
149,A:237,THR,5,0.007517,0.007711,-0.000194,yes
150,A:61,ASP,4,0.078000,0.078215,-0.000215,
151,A:281,PRO,4,0.020650,0.020867,-0.000218,
152,A:51,ARG,2,0.123649,0.123879,-0.000229,
153,A:285,ILE,3,0.041886,0.042117,-0.000230,
154,A:254,HIS,4,0.006402,0.006640,-0.000238,yes
155,A:279,VAL,4,0.011070,0.011337,-0.000267,
156,A:39,LYS,4,0.051726,0.052006,-0.000280,
157,A:55,ILE,2,0.111010,0.111290,-0.000281,
158,A:235,GLY,4,0.008318,0.008615,-0.000297,yes
159,A:257,VAL,3,0.013049,0.013348,-0.000299,
160,A:4,ARG,3,0.066107,0.066408,-0.000301,
161,A:86,ASP,1,0.153594,0.153899,-0.000305,
162,A:284,ARG,3,0.054496,0.054808,-0.000312,
163,A:213,GLY,2,0.032368,0.032681,-0.000314,
164,A:200,GLU,4,0.055664,0.055984,-0.000320,
165,A:280,VAL,4,0.013656,0.013979,-0.000323,
166,A:65,ASP,3,0.069476,0.069805,-0.000329,
167,A:236,MET,4,0.011987,0.012320,-0.000333,yes
168,A:33,ASN,4,0.033856,0.034199,-0.000344,
169,A:68,ILE,2,0.123098,0.123444,-0.000346,
170,A:27,GLY,3,0.066851,0.067210,-0.000359,
171,A:176,THR,2,0.203873,0.204238,-0.000365,
172,A:8,PRO,1,0.137944,0.138327,-0.000384,
173,A:256,VAL,3,0.016857,0.017253,-0.000396,yes
174,A:199,GLU,4,0.054107,0.054509,-0.000402,
175,A:81,VAL,2,0.092585,0.092989,-0.000404,
176,A:99,PRO,2,0.165564,0.165974,-0.000410,
177,A:203,THR,3,0.060671,0.061086,-0.000415,
178,A:208,VAL,2,0.070522,0.070950,-0.000428,
179,A:6,ALA,2,0.091927,0.092363,-0.000436,
180,A:1290,HIS,4,0.008323,0.008763,-0.000440,
181,A:186,ALA,2,0.081465,0.081916,-0.000451,
182,A:167,ARG,2,0.214971,0.215426,-0.000455,
183,A:216,LEU,3,0.014202,0.014657,-0.000455,
184,A:114,ALA,1,0.153462,0.153917,-0.000455,
185,A:34,ARG,4,0.031340,0.031838,-0.000498,
186,A:107,PRO,2,0.143374,0.143883,-0.000509,
187,A:17,ALA,2,0.138361,0.138875,-0.000513,
188,A:131,HIS,2,0.128213,0.128740,-0.000528,
189,A:109,ASP,2,0.137055,0.137585,-0.000531,
190,A:187,ASN,3,0.073370,0.073922,-0.000552,
191,A:205,ILE,2,0.082382,0.082972,-0.000589,
192,A:211,ALA,2,0.055267,0.055867,-0.000599,
193,A:207,GLY,2,0.062769,0.063370,-0.000601,
194,A:282,ILE,3,0.029755,0.030363,-0.000608,
195,A:120,PHE,1,0.182468,0.183099,-0.000630,
196,A:80,ASP,3,0.086234,0.086886,-0.000652,
197,A:134,ASP,2,0.126060,0.126716,-0.000656,
198,A:135,ALA,1,0.149949,0.150611,-0.000662,
199,A:96,LEU,1,0.192488,0.193175,-0.000687,
200,A:67,GLY,2,0.093088,0.093787,-0.000699,
201,A:108,GLU,2,0.127277,0.127985,-0.000708,
202,A:72,ASP,1,0.202930,0.203647,-0.000717,
203,A:35,LYS,3,0.045578,0.046310,-0.000731,
204,A:84,LEU,2,0.092979,0.093723,-0.000744,
205,A:130,GLU,2,0.127557,0.128305,-0.000748,
206,A:125,GLU,2,0.148366,0.149130,-0.000764,
207,A:286,ILE,3,0.048223,0.048988,-0.000765,
208,A:182,VAL,1,0.199701,0.200482,-0.000781,
209,A:129,ARG,2,0.130120,0.130907,-0.000787,
210,A:184,LEU,2,0.105928,0.106740,-0.000812,
211,A:22,GLU,2,0.079070,0.079896,-0.000826,
212,A:144,THR,1,0.190472,0.191308,-0.000835,
213,A:188,ARG,3,0.068439,0.069282,-0.000843,
214,A:147,ALA,1,0.173542,0.174409,-0.000867,
215,A:53,ALA,2,0.125500,0.126380,-0.000880,
216,A:139,GLU,2,0.164821,0.165707,-0.000887,
217,A:181,SER,1,0.224141,0.225029,-0.000888,
218,A:56,PRO,2,0.109002,0.109951,-0.000949,
219,A:100,GLU,2,0.168630,0.169612,-0.000982,
220,A:202,ARG,3,0.071189,0.072174,-0.000985,
221,A:185,ILE,2,0.104668,0.105662,-0.000993,
222,A:141,THR,2,0.155681,0.156685,-0.001004,
223,A:145,GLU,1,0.201395,0.202406,-0.001012,
224,A:98,ALA,1,0.175757,0.176782,-0.001025,
225,A:124,THR,1,0.168731,0.169787,-0.001057,
226,A:210,ASP,2,0.057209,0.058279,-0.001070,
227,A:127,TYR,2,0.153853,0.154935,-0.001082,
228,A:283,GLU,3,0.046569,0.047661,-0.001092,
229,A:97,ALA,1,0.206013,0.207117,-0.001104,
230,A:14,SER,1,0.169269,0.170375,-0.001107,
231,A:18,ILE,2,0.110694,0.111828,-0.001134,
232,A:112,ARG,2,0.128123,0.129287,-0.001164,
233,A:149,PHE,2,0.162451,0.163618,-0.001167,
234,A:151,GLY,2,0.159279,0.160449,-0.001170,
235,A:79,SER,2,0.099714,0.100892,-0.001178,
236,A:69,THR,1,0.139420,0.140620,-0.001200,
237,A:117,ALA,1,0.184112,0.185320,-0.001208,
238,A:95,VAL,1,0.223099,0.224315,-0.001215,
239,A:146,ILE,2,0.170524,0.171752,-0.001228,
240,A:105,ARG,2,0.146916,0.148162,-0.001245,
241,A:153,ALA,1,0.179639,0.180890,-0.001251,
242,A:126,ASN,2,0.142725,0.143984,-0.001259,
243,A:143,SER,2,0.165724,0.166998,-0.001274,
244,A:54,ASP,2,0.108253,0.109529,-0.001276,
245,A:23,ASN,2,0.071822,0.073099,-0.001277,
246,A:206,ARG,2,0.071589,0.072873,-0.001285,
247,A:57,GLU,3,0.094038,0.095356,-0.001318,
248,A:142,GLY,2,0.161136,0.162458,-0.001322,
249,A:20,LEU,1,0.117094,0.118441,-0.001347,
250,A:287,PRO,3,0.034772,0.036130,-0.001358,
251,A:78,GLY,2,0.118124,0.119494,-0.001371,
252,A:75,VAL,1,0.160963,0.162349,-0.001385,
253,A:119,GLU,1,0.185403,0.186791,-0.001388,
254,A:87,LEU,1,0.153212,0.154649,-0.001438,
255,A:118,THR,1,0.181126,0.182569,-0.001444,
256,A:16,PRO,1,0.186983,0.188454,-0.001471,
257,A:148,PRO,1,0.176482,0.177958,-0.001476,
258,A:209,ILE,1,0.101015,0.102525,-0.001509,
259,A:76,GLU,2,0.149563,0.151111,-0.001548,
260,A:154,ASP,1,0.168654,0.170247,-0.001594,
261,A:83,ILE,1,0.118214,0.120082,-0.001868,
262,A:10,LYS,1,0.158106,0.160001,-0.001895,
263,A:52,ALA,1,0.151840,0.153777,-0.001937,
264,A:74,ILE,1,0.142721,0.144724,-0.002003,
265,A:136,GLU,1,0.154620,0.156758,-0.002138,
266,A:85,GLU,2,0.105615,0.107816,-0.002202,
267,A:19,ARG,2,0.110084,0.112297,-0.002213,
268,A:172,ARG,2,0.173426,0.175764,-0.002338,
269,A:15,GLU,2,0.135049,0.137390,-0.002340,
270,A:175,ASP,2,0.174432,0.176960,-0.002528,
271,A:82,GLU,2,0.080613,0.083179,-0.002566,
272,A:77,ARG,2,0.118523,0.121345,-0.002822,
273,A:73,LEU,1,0.152242,0.155065,-0.002823,
274,A:13,ILE,1,0.195694,0.198637,-0.002943,
