rank,residue,resname,signal_from_active_site_at_gamma_17.78,contacts,known_allosteric
1,A:10,SER,0.180926,15,
2,A:43,PRO,0.172529,8,
3,A:42,GLY,0.172163,12,
4,A:35,ASP,0.170005,16,
5,A:147,VAL,0.168602,14,
6,A:36,THR,0.166092,15,
7,A:74,THR,0.162765,15,
8,A:44,ARG,0.160118,10,
9,A:118,GLY,0.159316,13,
10,A:13,GLY,0.159149,15,
11,A:151,GLU,0.156822,12,
12,A:117,LEU,0.156430,10,
13,A:148,SER,0.155196,8,
14,A:75,ALA,0.155025,17,
15,A:144,PRO,0.153454,8,
16,A:185,HIS,0.153101,15,
17,A:14,GLY,0.152908,15,
18,A:34,GLY,0.152874,15,
19,A:184,THR,0.151384,17,
20,A:238,THR,0.150426,12,
21,A:115,GLY,0.148471,15,
22,A:52,PHE,0.145912,14,
23,A:49,VAL,0.144136,17,
24,A:77,ALA,0.144034,14,
25,A:76,THR,0.143879,13,
26,A:186,TYR,0.142367,15,
27,A:121,GLU,0.141934,6,
28,A:239,GLY,0.141330,9,
29,A:122,SER,0.140531,10,
30,A:237,THR,0.140087,17,
31,A:143,CYS,0.139418,12,
32,A:142,ALA,0.138555,9,
33,A:120,VAL,0.138423,13,
34,A:78,ALA,0.137101,12,
35,A:53,THR,0.136694,15,
36,A:94,VAL,0.136485,18,
37,A:145,LYS,0.136400,8,
38,A:188,LEU,0.136074,12,
39,A:264,LEU,0.136073,10,
40,A:152,SER,0.134672,6,
41,A:187,PRO,0.132694,11,
42,A:33,LEU,0.132618,15,
43,A:15,LEU,0.132155,13,
44,A:149,VAL,0.131958,14,
45,A:48,GLU,0.131929,8,
46,A:244,PHE,0.131404,16,
47,A:46,LYS,0.130778,8,
48,A:50,ALA,0.130773,12,
49,A:79,ALA,0.130747,13,
50,A:45,ASP,0.130570,5,
51,A:16,THR,0.130334,16,
52,A:56,MET,0.130276,13,
53,A:114,LEU,0.130017,16,
54,A:93,GLY,0.128775,12,
55,A:124,ALA,0.128476,11,
56,A:240,SER,0.127553,8,
57,A:47,GLU,0.127546,7,
58,A:247,ILE,0.127117,14,
59,A:51,LYS,0.127037,8,
60,A:17,VAL,0.126903,16,
61,A:32,TYR,0.126533,15,
62,A:95,ILE,0.126527,15,
63,A:80,LEU,0.126388,14,
64,A:243,ILE,0.124247,10,
65,A:262,ILE,0.124051,9,
66,A:189,LEU,0.123736,14,
67,A:261,HIS,0.123257,9,
68,A:54,TRP,0.122954,10,
69,A:153,GLY,0.122620,11,yes
70,A:18,VAL,0.121172,13,
71,A:206,SER,0.121019,17,
72,A:55,GLU,0.120823,10,
73,A:236,PHE,0.120416,13,
74,A:241,THR,0.120256,10,
75,A:263,LYS,0.119652,4,
76,A:123,MET,0.119396,7,
77,A:251,TRP,0.119087,10,
78,A:125,TYR,0.117911,15,
79,A:57,THR,0.117147,12,
80,A:6,GLY,0.116111,13,
81,A:155,TYR,0.116097,10,yes
82,A:68,LEU,0.115774,17,
83,A:83,ILE,0.115715,14,
84,A:207,GLY,0.115345,15,
85,A:154,GLU,0.115259,9,
86,A:242,GLN,0.114680,6,
87,A:91,VAL,0.114259,12,
88,A:113,VAL,0.114255,14,
89,A:205,ASN,0.114066,10,
90,A:190,LYS,0.113914,11,
91,A:92,ILE,0.113898,15,
92,A:59,PHE,0.113817,12,
93,A:248,ALA,0.113393,14,
94,A:210,THR,0.113245,17,
95,A:98,GLY,0.113034,15,
96,A:265,GLY,0.112952,3,
97,A:140,SER,0.112579,11,
98,A:246,ASP,0.112534,9,yes
99,A:259,VAL,0.112185,11,
100,A:141,LEU,0.112018,13,
101,A:245,LYS,0.110932,10,
102,A:260,GLU,0.110356,9,
103,A:60,LEU,0.109637,15,
104,A:235,PHE,0.109593,13,
105,A:167,SER,0.109578,10,
106,A:58,ASN,0.109205,8,
107,A:82,ASP,0.109144,8,
108,A:96,GLN,0.108795,9,
109,A:163,VAL,0.108399,11,
110,A:97,PRO,0.108382,15,
111,A:81,TYR,0.108175,6,
112,A:19,ARG,0.107565,11,
113,A:250,ASP,0.106226,6,yes
114,A:193,ILE,0.105588,15,
115,A:204,ILE,0.105122,12,
116,A:84,ARG,0.104938,9,
117,A:160,ALA,0.104364,13,
118,A:31,TYR,0.103869,15,
119,A:164,VAL,0.103438,13,
120,A:156,LYS,0.103305,6,yes
121,A:20,GLU,0.102975,12,
122,A:252,LEU,0.102830,11,
123,A:157,SER,0.102349,8,
124,A:30,VAL,0.102089,14,
125,A:249,LYS,0.101978,10,
126,A:99,SER,0.101822,13,
127,A:126,PRO,0.101429,10,
128,A:159,ILE,0.101263,8,
129,A:101,ALA,0.101228,14,
130,A:61,VAL,0.101191,11,
131,A:209,GLU,0.101108,11,
132,A:87,LEU,0.101074,10,
133,A:208,GLU,0.100853,10,
134,A:179,VAL,0.100060,15,
135,A:85,GLU,0.099915,6,
136,A:192,ILE,0.099895,11,
137,A:203,VAL,0.099430,11,
138,A:128,ALA,0.098440,11,
139,A:5,ILE,0.098126,17,
140,A:86,LYS,0.098118,5,
141,A:191,PRO,0.097599,7,
142,A:168,LEU,0.097507,14,
143,A:127,THR,0.097432,8,
144,A:62,ASP,0.096633,6,
145,A:234,ARG,0.096343,11,
146,A:67,MET,0.096317,13,
147,A:21,VAL,0.096279,13,
148,A:211,ALA,0.096125,14,
149,A:65,ILE,0.096025,13,
150,A:112,GLY,0.095676,15,
151,A:257,MET,0.095534,11,
152,A:63,ARG,0.095140,9,
153,A:161,LYS,0.094775,10,
154,A:100,ARG,0.094764,10,
155,A:89,ILE,0.094637,9,
156,A:165,ALA,0.094173,9,
157,A:102,ALA,0.094001,14,
158,A:162,LYS,0.093743,8,
159,A:214,VAL,0.093514,15,
160,A:22,LEU,0.093294,11,
161,A:166,GLU,0.092912,7,
162,A:158,ALA,0.092808,5,
163,A:138,VAL,0.092428,11,
164,A:212,SER,0.092014,10,
165,A:213,GLU,0.091989,10,
166,A:258,THR,0.090983,8,
167,A:64,GLY,0.090932,9,
168,A:196,PHE,0.090444,10,
169,A:194,GLU,0.089817,10,
170,A:4,ALA,0.089733,14,
171,A:254,MET,0.089518,9,
172,A:233,HIS,0.089259,11,
173,A:129,LEU,0.088812,14,
174,A:111,ILE,0.088326,16,
175,A:139,ASP,0.088245,10,
176,A:178,THR,0.088182,14,
177,A:90,PRO,0.088119,10,
178,A:23,LYS,0.088114,8,
179,A:24,GLN,0.087796,11,
180,A:169,LEU,0.086994,7,
181,A:195,ASN,0.086529,7,
182,A:105,ALA,0.086194,8,
183,A:197,MET,0.085901,12,
184,A:103,LEU,0.085490,12,
185,A:171,LEU,0.084971,12,
186,A:66,LYS,0.084210,10,
187,A:132,LEU,0.083530,9,
188,A:104,LYS,0.083470,6,
189,A:202,ALA,0.083178,9,
190,A:130,LYS,0.082252,10,
191,A:255,PRO,0.082138,5,
192,A:25,LEU,0.082005,13,
193,A:176,ILE,0.081293,11,
194,A:170,PRO,0.081266,7,
195,A:201,VAL,0.081143,12,
196,A:217,LEU,0.080935,12,
197,A:215,SER,0.080433,11,
198,A:256,ASP,0.080309,4,
199,A:131,GLY,0.079922,7,
200,A:218,LEU,0.078512,15,
201,A:253,ASN,0.078436,3,
202,A:216,ALA,0.077968,8,
203,A:172,LYS,0.077797,7,
204,A:88,ASP,0.077741,2,
205,A:136,VAL,0.077313,13,
206,A:198,GLY,0.077032,7,
207,A:174,THR,0.077005,9,
208,A:106,THR,0.076678,13,
209,A:29,GLN,0.076101,11,
210,A:26,PRO,0.075782,6,
211,A:137,GLU,0.075745,6,
212,A:110,LYS,0.075691,13,
213,A:28,GLU,0.075101,12,
214,A:223,LEU,0.074168,10,
215,A:3,GLN,0.073648,10,
216,A:133,ASN,0.073314,9,
217,A:200,GLY,0.072252,6,
218,A:173,SER,0.072209,4,
219,A:177,ASP,0.071436,10,
220,A:109,ASN,0.070019,8,
221,A:221,HIS,0.069218,7,
222,A:219,ASP,0.069134,9,
223,A:134,ARG,0.068530,5,
224,A:220,TYR,0.067656,6,
225,A:232,GLU,0.067654,8,
226,A:175,LYS,0.067398,5,
227,A:224,LEU,0.066351,10,
228,A:108,ASN,0.065276,6,
229,A:199,ASP,0.065027,3,
230,A:135,ARG,0.063889,4,
231,A:222,ASN,0.062861,5,
232,A:231,ILE,0.061855,8,
233,A:27,HIS,0.061626,7,
234,A:107,ARG,0.060550,3,
235,A:2,LYS,0.059031,10,
236,A:225,ASP,0.057601,10,
237,A:1,MET,0.050960,6,
238,A:0,ALA,0.049149,4,
239,A:230,GLU,0.049116,3,
240,A:226,ALA,0.047992,3,
241,A:229,GLU,0.047619,8,
242,A:227,THR,0.047601,7,
243,A:228,ASP,0.035457,2,
