rank,residue,resname,hops_from_start,quantum_at_gamma_17.78,classical_at_rate_0.1052,quantum_minus_classical,known_allosteric
1,A:89,ILE,2,0.094637,0.093127,0.001510,
2,A:136,VAL,2,0.077313,0.076008,0.001304,
3,A:201,VAL,2,0.081143,0.079849,0.001294,
4,A:103,LEU,2,0.085490,0.084204,0.001286,
5,A:200,GLY,3,0.072252,0.071036,0.001216,
6,A:65,ILE,2,0.096025,0.094840,0.001186,
7,A:105,ALA,2,0.086194,0.085028,0.001166,
8,A:176,ILE,2,0.081293,0.080169,0.001124,
9,A:158,ALA,3,0.092808,0.091739,0.001069,
10,A:61,VAL,2,0.101191,0.100255,0.000935,
11,A:169,LEU,2,0.086994,0.086071,0.000923,
12,A:25,LEU,2,0.082005,0.081100,0.000905,
13,A:171,LEU,2,0.084971,0.084072,0.000899,
14,A:21,VAL,2,0.096279,0.095406,0.000873,
15,A:198,GLY,3,0.077032,0.076180,0.000852,
16,A:196,PHE,2,0.090444,0.089634,0.000810,
17,A:141,LEU,2,0.112018,0.111219,0.000800,
18,A:218,LEU,2,0.078512,0.077717,0.000795,
19,A:224,LEU,3,0.066351,0.065558,0.000793,
20,A:202,ALA,2,0.083178,0.082404,0.000774,
21,A:4,ALA,2,0.089733,0.088969,0.000764,
22,A:165,ALA,2,0.094173,0.093437,0.000735,
23,A:138,VAL,2,0.092428,0.091702,0.000726,
24,A:252,LEU,2,0.102830,0.102125,0.000705,
25,A:223,LEU,2,0.074168,0.073477,0.000691,
26,A:197,MET,2,0.085901,0.085213,0.000688,
27,A:132,LEU,2,0.083530,0.082862,0.000668,
28,A:216,ALA,2,0.077968,0.077302,0.000666,
29,A:108,ASN,3,0.065276,0.064677,0.000599,
30,A:22,LEU,2,0.093294,0.092697,0.000597,
31,A:87,LEU,2,0.101074,0.100480,0.000595,
32,A:168,LEU,2,0.097507,0.096916,0.000591,
33,A:215,SER,2,0.080433,0.079853,0.000580,
34,A:111,ILE,1,0.088326,0.087747,0.000579,
35,A:217,LEU,2,0.080935,0.080358,0.000577,
36,A:173,SER,3,0.072209,0.071636,0.000574,
37,A:106,THR,2,0.076678,0.076105,0.000574,
38,A:192,ILE,2,0.099895,0.099322,0.000572,
39,A:254,MET,2,0.089518,0.088948,0.000570,
40,A:203,VAL,1,0.099430,0.098864,0.000566,
41,A:5,ILE,1,0.098126,0.097591,0.000535,
42,A:30,VAL,1,0.102089,0.101571,0.000518,
43,A:107,ARG,3,0.060550,0.060052,0.000499,
44,A:159,ILE,2,0.101263,0.100769,0.000494,
45,A:211,ALA,2,0.096125,0.095634,0.000491,
46,A:129,LEU,2,0.088812,0.088328,0.000483,
47,A:157,SER,2,0.102349,0.101871,0.000478,
48,A:226,ALA,4,0.047992,0.047514,0.000478,
49,A:160,ALA,2,0.104364,0.103908,0.000456,
50,A:243,ILE,2,0.124247,0.123793,0.000455,
51,A:102,ALA,1,0.094001,0.093562,0.000439,
52,A:64,GLY,2,0.090932,0.090508,0.000424,
53,A:92,ILE,1,0.113898,0.113478,0.000421,
54,A:259,VAL,2,0.112185,0.111772,0.000413,
55,A:257,MET,2,0.095534,0.095127,0.000408,
56,A:174,THR,2,0.077005,0.076621,0.000384,
57,A:241,THR,2,0.120256,0.119875,0.000381,
58,A:199,ASP,3,0.065027,0.064698,0.000329,
59,A:220,TYR,3,0.067656,0.067347,0.000309,
60,A:255,PRO,3,0.082138,0.081831,0.000307,
61,A:247,ILE,1,0.127117,0.126831,0.000286,
62,A:262,ILE,2,0.124051,0.123771,0.000280,
63,A:222,ASN,3,0.062861,0.062604,0.000257,
64,A:175,LYS,3,0.067398,0.067153,0.000245,
65,A:212,SER,2,0.092014,0.091775,0.000240,
66,A:59,PHE,2,0.113817,0.113579,0.000238,
67,A:101,ALA,1,0.101228,0.101005,0.000223,
68,A:67,MET,1,0.096317,0.096107,0.000210,
69,A:236,PHE,2,0.120416,0.120218,0.000198,
70,A:188,LEU,1,0.136074,0.135878,0.000196,
71,A:228,ASP,5,0.035457,0.035264,0.000193,
72,A:177,ASP,2,0.071436,0.071256,0.000180,
73,A:214,VAL,1,0.093514,0.093348,0.000166,
74,A:179,VAL,1,0.100060,0.099904,0.000155,
75,A:91,VAL,1,0.114259,0.114106,0.000153,
76,A:149,VAL,1,0.131958,0.131807,0.000151,
77,A:164,VAL,1,0.103438,0.103289,0.000149,
78,A:131,GLY,3,0.079922,0.079785,0.000138,
79,A:36,THR,1,0.166092,0.165957,0.000135,
80,A:237,THR,1,0.140087,0.139972,0.000115,
81,A:123,MET,2,0.119396,0.119285,0.000112,
82,A:219,ASP,3,0.069134,0.069024,0.000110,
83,A:66,LYS,2,0.084210,0.084104,0.000106,
84,A:15,LEU,1,0.132155,0.132050,0.000105,
85,A:256,ASP,3,0.080309,0.080210,0.000099,
86,A:204,ILE,1,0.105122,0.105025,0.000097,
87,A:193,ILE,1,0.105588,0.105494,0.000094,
88,A:261,HIS,2,0.123257,0.123164,0.000093,
89,A:24,GLN,2,0.087796,0.087708,0.000088,
90,A:100,ARG,2,0.094764,0.094678,0.000086,
91,A:163,VAL,1,0.108399,0.108338,0.000060,
92,A:113,VAL,1,0.114255,0.114237,0.000018,
93,A:104,LYS,2,0.083470,0.083457,0.000012,
94,A:134,ARG,3,0.068530,0.068534,-0.000004,
95,A:80,LEU,1,0.126388,0.126397,-0.000008,
96,A:60,LEU,1,0.109637,0.109646,-0.000009,
97,A:258,THR,3,0.090983,0.090994,-0.000010,
98,A:135,ARG,3,0.063889,0.063901,-0.000012,
99,A:26,PRO,3,0.075782,0.075800,-0.000018,
100,A:239,GLY,1,0.141330,0.141358,-0.000028,
101,A:227,THR,4,0.047601,0.047642,-0.000041,
102,A:207,GLY,2,0.115345,0.115429,-0.000084,
103,A:109,ASN,2,0.070019,0.070127,-0.000108,
104,A:83,ILE,1,0.115715,0.115836,-0.000121,
105,A:178,THR,1,0.088182,0.088306,-0.000125,
106,A:99,SER,1,0.101822,0.101953,-0.000131,
107,A:110,LYS,2,0.075691,0.075828,-0.000137,
108,A:248,ALA,1,0.113393,0.113532,-0.000139,
109,A:34,GLY,1,0.152874,0.153016,-0.000142,
110,A:18,VAL,1,0.121172,0.121314,-0.000142,
111,A:194,GLU,2,0.089817,0.089976,-0.000159,
112,A:23,LYS,3,0.088114,0.088284,-0.000170,
113,A:244,PHE,1,0.131404,0.131589,-0.000184,
114,A:242,GLN,2,0.114680,0.114865,-0.000185,
115,A:170,PRO,3,0.081266,0.081462,-0.000196,
116,A:161,LYS,2,0.094775,0.094988,-0.000213,
117,A:240,SER,2,0.127553,0.127773,-0.000221,
118,A:213,GLU,2,0.091989,0.092213,-0.000224,
119,A:235,PHE,2,0.109593,0.109829,-0.000236,
120,A:78,ALA,2,0.137101,0.137338,-0.000236,
121,A:249,LYS,2,0.101978,0.102223,-0.000245,
122,A:221,HIS,3,0.069218,0.069474,-0.000255,
123,A:128,ALA,2,0.098440,0.098700,-0.000261,
124,A:90,PRO,2,0.088119,0.088384,-0.000265,
125,A:130,LYS,3,0.082252,0.082522,-0.000270,
126,A:142,ALA,1,0.138555,0.138825,-0.000270,
127,A:189,LEU,1,0.123736,0.124028,-0.000292,
128,A:225,ASP,3,0.057601,0.057894,-0.000293,
129,A:112,GLY,1,0.095676,0.095990,-0.000314,
130,A:120,VAL,1,0.138423,0.138746,-0.000323,
131,A:238,THR,1,0.150426,0.150753,-0.000328,
132,A:68,LEU,1,0.115774,0.116103,-0.000328,
133,A:133,ASN,3,0.073314,0.073644,-0.000330,
134,A:167,SER,1,0.109578,0.109916,-0.000338,
135,A:1,MET,3,0.050960,0.051320,-0.000360,
136,A:137,GLU,2,0.075745,0.076129,-0.000384,
137,A:115,GLY,1,0.148471,0.148860,-0.000389,
138,A:205,ASN,1,0.114066,0.114462,-0.000396,
139,A:209,GLU,2,0.101108,0.101505,-0.000397,
140,A:0,ALA,4,0.049149,0.049558,-0.000409,
141,A:117,LEU,1,0.156430,0.156855,-0.000425,
142,A:246,ASP,2,0.112534,0.112960,-0.000426,yes
143,A:172,LYS,3,0.077797,0.078230,-0.000434,
144,A:126,PRO,2,0.101429,0.101866,-0.000436,
145,A:162,LYS,2,0.093743,0.094188,-0.000445,
146,A:208,GLU,2,0.100853,0.101307,-0.000454,
147,A:97,PRO,2,0.108382,0.108836,-0.000454,
148,A:250,ASP,2,0.106226,0.106688,-0.000462,yes
149,A:85,GLU,2,0.099915,0.100385,-0.000471,
150,A:195,ASN,2,0.086529,0.087005,-0.000476,
151,A:2,LYS,3,0.059031,0.059512,-0.000481,
152,A:232,GLU,3,0.067654,0.068139,-0.000486,
153,A:140,SER,2,0.112579,0.113065,-0.000486,
154,A:127,THR,2,0.097432,0.097933,-0.000501,
155,A:253,ASN,3,0.078436,0.078942,-0.000506,
156,A:229,GLU,4,0.047619,0.048141,-0.000521,
157,A:50,ALA,2,0.130773,0.131312,-0.000539,
158,A:125,TYR,1,0.117911,0.118455,-0.000545,
159,A:17,VAL,1,0.126903,0.127456,-0.000553,
160,A:245,LYS,2,0.110932,0.111487,-0.000555,
161,A:81,TYR,2,0.108175,0.108730,-0.000555,
162,A:114,LEU,1,0.130017,0.130576,-0.000558,
163,A:27,HIS,3,0.061626,0.062189,-0.000563,
164,A:63,ARG,2,0.095140,0.095718,-0.000578,
165,A:62,ASP,2,0.096633,0.097212,-0.000579,
166,A:143,CYS,1,0.139418,0.140005,-0.000587,
167,A:139,ASP,2,0.088245,0.088843,-0.000598,
168,A:16,THR,1,0.130334,0.130950,-0.000616,
169,A:231,ILE,3,0.061855,0.062477,-0.000622,
170,A:251,TRP,1,0.119087,0.119713,-0.000626,
171,A:3,GLN,2,0.073648,0.074276,-0.000628,
172,A:31,TYR,1,0.103869,0.104521,-0.000652,
173,A:95,ILE,1,0.126527,0.127183,-0.000656,
174,A:156,LYS,2,0.103305,0.103967,-0.000662,yes
175,A:233,HIS,2,0.089259,0.089926,-0.000667,
176,A:187,PRO,1,0.132694,0.133379,-0.000685,
177,A:20,GLU,2,0.102975,0.103662,-0.000686,
178,A:58,ASN,2,0.109205,0.109902,-0.000697,
179,A:57,THR,1,0.117147,0.117881,-0.000734,
180,A:260,GLU,2,0.110356,0.111095,-0.000739,
181,A:98,GLY,1,0.113034,0.113776,-0.000741,
182,A:84,ARG,2,0.104938,0.105709,-0.000771,
183,A:153,GLY,1,0.122620,0.123399,-0.000779,yes
184,A:6,GLY,1,0.116111,0.116901,-0.000790,
185,A:28,GLU,2,0.075101,0.075891,-0.000790,
186,A:33,LEU,1,0.132618,0.133410,-0.000791,
187,A:191,PRO,2,0.097599,0.098391,-0.000792,
188,A:230,GLU,4,0.049116,0.049910,-0.000793,
189,A:166,GLU,2,0.092912,0.093716,-0.000804,
190,A:77,ALA,1,0.144034,0.144854,-0.000820,
191,A:54,TRP,2,0.122954,0.123808,-0.000854,
192,A:10,SER,1,0.180926,0.181786,-0.000860,
193,A:14,GLY,1,0.152908,0.153769,-0.000861,
194,A:86,LYS,2,0.098118,0.099002,-0.000884,
195,A:122,SER,1,0.140531,0.141431,-0.000900,
196,A:145,LYS,1,0.136400,0.137300,-0.000900,
197,A:151,GLU,1,0.156822,0.157732,-0.000910,
198,A:186,TYR,1,0.142367,0.143282,-0.000915,
199,A:155,TYR,1,0.116097,0.117027,-0.000930,yes
200,A:19,ARG,2,0.107565,0.108499,-0.000935,
201,A:79,ALA,1,0.130747,0.131705,-0.000957,
202,A:190,LYS,1,0.113914,0.114898,-0.000983,
203,A:29,GLN,2,0.076101,0.077094,-0.000993,
204,A:93,GLY,1,0.128775,0.129776,-0.001002,
205,A:82,ASP,2,0.109144,0.110147,-0.001003,
206,A:210,THR,1,0.113245,0.114287,-0.001042,
207,A:147,VAL,1,0.168602,0.169653,-0.001051,
208,A:118,GLY,1,0.159316,0.160383,-0.001067,
209,A:35,ASP,1,0.170005,0.171076,-0.001071,
210,A:32,TYR,1,0.126533,0.127614,-0.001082,
211,A:144,PRO,1,0.153454,0.154537,-0.001083,
212,A:42,GLY,1,0.172163,0.173256,-0.001093,
213,A:152,SER,1,0.134672,0.135781,-0.001109,
214,A:148,SER,1,0.155196,0.156333,-0.001138,
215,A:49,VAL,1,0.144136,0.145278,-0.001141,
216,A:154,GLU,1,0.115259,0.116435,-0.001176,
217,A:46,LYS,2,0.130778,0.131967,-0.001188,
218,A:43,PRO,1,0.172529,0.173725,-0.001196,
219,A:234,ARG,2,0.096343,0.097563,-0.001219,
220,A:47,GLU,2,0.127546,0.128770,-0.001225,
221,A:124,ALA,1,0.128476,0.129709,-0.001233,
222,A:184,THR,1,0.151384,0.152620,-0.001236,
223,A:185,HIS,1,0.153101,0.154346,-0.001245,
224,A:88,ASP,3,0.077741,0.079034,-0.001293,
225,A:265,GLY,2,0.112952,0.114254,-0.001301,
226,A:96,GLN,2,0.108795,0.110125,-0.001330,
227,A:56,MET,1,0.130276,0.131618,-0.001342,
228,A:75,ALA,1,0.155025,0.156410,-0.001386,
229,A:206,SER,1,0.121019,0.122406,-0.001387,
230,A:121,GLU,1,0.141934,0.143493,-0.001560,
231,A:76,THR,1,0.143879,0.145466,-0.001587,
232,A:74,THR,1,0.162765,0.164380,-0.001615,
233,A:94,VAL,1,0.136485,0.138104,-0.001619,
234,A:48,GLU,2,0.131929,0.133648,-0.001718,
235,A:13,GLY,1,0.159149,0.160920,-0.001771,
236,A:45,ASP,2,0.130570,0.132359,-0.001789,
237,A:55,GLU,2,0.120823,0.122614,-0.001791,
238,A:53,THR,1,0.136694,0.138569,-0.001875,
239,A:264,LEU,1,0.136073,0.138003,-0.001931,
240,A:44,ARG,1,0.160118,0.162070,-0.001952,
241,A:52,PHE,1,0.145912,0.147902,-0.001989,
242,A:51,LYS,2,0.127037,0.129092,-0.002055,
243,A:263,LYS,2,0.119652,0.121857,-0.002205,
