rank,residue,resname,hops_from_start,quantum_at_gamma_1.778,classical_at_rate_0.352,quantum_minus_classical,known_allosteric
1,A:159,TYR,1,0.161474,0.146643,0.014831,
2,A:92,ASP,1,0.125013,0.110270,0.014744,
3,A:88,LYS,1,0.135618,0.121652,0.013966,
4,A:158,THR,1,0.155298,0.142983,0.012314,
5,A:125,HIS,1,0.116465,0.104276,0.012189,
6,A:49,ILE,4,0.110335,0.099182,0.011153,
7,A:150,ARG,1,0.129333,0.118313,0.011020,
8,A:126,ARG,1,0.115051,0.104063,0.010988,
9,A:147,GLY,1,0.129150,0.118938,0.010212,
10,A:275,ILE,3,0.080717,0.071750,0.008967,
11,A:161,HIS,1,0.171333,0.162568,0.008765,
12,A:248,PHE,4,0.069890,0.062976,0.006914,
13,A:149,ALA,1,0.128850,0.122088,0.006762,
14,A:169,ARG,2,0.082949,0.076253,0.006697,
15,A:185,ASP,2,0.094022,0.087497,0.006524,
16,A:44,VAL,3,0.108630,0.102130,0.006500,
17,A:251,VAL,3,0.069134,0.063442,0.005692,
18,A:195,GLU,1,0.091692,0.086152,0.005540,
19,A:151,ALA,2,0.112535,0.107492,0.005043,
20,A:48,ALA,3,0.106613,0.101818,0.004796,
21,A:263,LEU,3,0.074646,0.069856,0.004790,
22,A:96,LEU,3,0.099581,0.094832,0.004749,
23,A:255,LEU,3,0.071879,0.067237,0.004642,
24,A:148,LEU,2,0.112367,0.107738,0.004630,
25,A:54,LEU,3,0.101636,0.097175,0.004461,
26,A:252,VAL,3,0.073230,0.068901,0.004329,
27,A:282,ALA,4,0.079983,0.075704,0.004278,
28,A:152,PHE,2,0.109440,0.105412,0.004028,
29,A:262,LEU,3,0.074146,0.070180,0.003966,
30,A:225,VAL,6,0.051916,0.048000,0.003916,
31,A:146,PHE,1,0.118078,0.114434,0.003644,yes
32,A:160,THR,1,0.163466,0.159840,0.003626,
33,A:279,ALA,4,0.079764,0.076148,0.003616,
34,A:211,GLN,2,0.070150,0.066591,0.003559,
35,A:267,LEU,3,0.072782,0.069250,0.003532,
36,A:249,SER,4,0.063728,0.060304,0.003424,
37,A:240,PHE,4,0.054034,0.050644,0.003390,
38,A:154,VAL,2,0.111887,0.108809,0.003077,yes
39,A:219,LEU,4,0.059599,0.056607,0.002993,
40,A:266,MET,3,0.075736,0.072828,0.002908,
41,A:46,SER,4,0.101824,0.098918,0.002906,
42,A:47,THR,3,0.102343,0.099501,0.002842,
43,A:41,THR,3,0.109340,0.106536,0.002805,
44,A:188,SER,1,0.092025,0.089238,0.002786,
45,A:42,GLU,4,0.106488,0.103746,0.002742,
46,A:280,ALA,3,0.078672,0.076006,0.002666,
47,A:39,THR,3,0.112739,0.110092,0.002647,
48,A:156,VAL,1,0.130757,0.128185,0.002572,
49,A:175,LEU,4,0.058775,0.056281,0.002493,
50,A:37,LEU,2,0.125800,0.123309,0.002491,yes
51,A:38,ASP,2,0.116155,0.113764,0.002390,
52,A:43,GLY,3,0.107833,0.105447,0.002386,
53,A:230,VAL,5,0.053153,0.050789,0.002365,
54,A:226,VAL,5,0.052989,0.050695,0.002294,
55,A:221,THR,5,0.053008,0.050727,0.002282,
56,A:244,ALA,5,0.053845,0.051637,0.002207,
57,A:207,SER,3,0.069170,0.067022,0.002148,
58,A:239,SER,5,0.048005,0.045891,0.002114,
59,A:285,PHE,3,0.073619,0.071680,0.001939,
60,A:200,ARG,2,0.079316,0.077413,0.001902,
61,A:52,ILE,3,0.102526,0.100663,0.001862,yes
62,A:74,ASN,3,0.123579,0.121803,0.001775,
63,A:264,SER,4,0.069001,0.067247,0.001754,
64,A:177,CYS,4,0.059741,0.057988,0.001753,
65,A:222,PRO,4,0.054477,0.052809,0.001668,
66,A:233,MET,4,0.054118,0.052501,0.001616,
67,A:276,SER,3,0.079121,0.077538,0.001582,
68,A:231,THR,5,0.049940,0.048385,0.001555,
69,A:216,PHE,4,0.056335,0.054878,0.001457,
70,A:210,ASP,3,0.064704,0.063248,0.001456,
71,A:238,PRO,5,0.048428,0.046984,0.001443,
72,A:229,GLY,5,0.050052,0.048631,0.001421,
73,A:269,TYR,4,0.058229,0.056822,0.001407,
74,A:66,LEU,1,0.139043,0.137794,0.001249,yes
75,A:123,VAL,2,0.098046,0.096812,0.001234,
76,A:186,ILE,2,0.079735,0.078546,0.001189,
77,A:227,TRP,5,0.051521,0.050378,0.001143,
78,A:197,VAL,2,0.079760,0.078620,0.001140,
79,A:209,ILE,3,0.062926,0.061800,0.001125,
80,A:189,LEU,2,0.086923,0.085802,0.001122,
81,A:45,PRO,3,0.103942,0.102883,0.001059,
82,A:228,PRO,5,0.050311,0.049261,0.001050,
83,A:167,TRP,1,0.084111,0.083117,0.000994,
84,A:55,LEU,2,0.101534,0.100557,0.000977,yes
85,A:97,THR,3,0.095751,0.094832,0.000919,
86,A:91,MET,1,0.106404,0.105488,0.000916,
87,A:94,SER,2,0.100869,0.099962,0.000907,
88,A:220,GLY,4,0.054571,0.053671,0.000900,
89,A:203,PHE,2,0.070221,0.069354,0.000867,
90,A:215,ILE,3,0.060617,0.059791,0.000826,
91,A:213,PHE,3,0.058538,0.057728,0.000810,
92,A:205,GLY,2,0.070291,0.069501,0.000790,
93,A:170,ALA,2,0.069868,0.069180,0.000688,
94,A:243,TRP,5,0.052424,0.051762,0.000662,
95,A:232,SER,5,0.049143,0.048501,0.000643,
96,A:198,THR,2,0.077387,0.076750,0.000637,
97,A:153,GLY,2,0.108875,0.108281,0.000594,
98,A:59,ASN,2,0.107192,0.106640,0.000552,
99,A:124,LEU,2,0.092765,0.092265,0.000501,
100,A:253,PRO,3,0.065867,0.065378,0.000489,
101,A:194,ALA,2,0.077731,0.077283,0.000447,
102,A:261,SER,4,0.068414,0.067993,0.000421,
103,A:281,LEU,3,0.081124,0.080757,0.000368,
104,A:259,GLY,4,0.067247,0.066887,0.000360,
105,A:155,PRO,2,0.109989,0.109649,0.000340,
106,A:95,ALA,2,0.099018,0.098679,0.000339,
107,A:254,PRO,3,0.069954,0.069661,0.000293,
108,A:193,PHE,2,0.081453,0.081234,0.000219,
109,A:202,LEU,2,0.074060,0.073847,0.000213,
110,A:236,TYR,5,0.050205,0.050007,0.000198,
111,A:36,ARG,2,0.130554,0.130378,0.000176,
112,A:241,PRO,4,0.051408,0.051248,0.000160,
113,A:212,LEU,3,0.059607,0.059478,0.000129,
114,A:196,MET,2,0.090192,0.090136,0.000056,
115,A:223,ASP,5,0.049079,0.049046,0.000033,
116,A:73,GLU,3,0.124464,0.124476,-0.000012,
117,A:187,TRP,2,0.076668,0.076694,-0.000026,
118,A:278,LYS,4,0.080401,0.080464,-0.000063,
119,A:183,ALA,3,0.071293,0.071441,-0.000148,
120,A:179,TYR,4,0.059174,0.059369,-0.000195,
121,A:214,ARG,3,0.061528,0.061730,-0.000202,
122,A:171,PRO,3,0.062217,0.062438,-0.000221,
123,A:224,GLU,6,0.048177,0.048421,-0.000244,
124,A:119,HIS,3,0.087486,0.087796,-0.000310,
125,A:98,GLY,2,0.094633,0.095007,-0.000374,
126,A:237,LYS,5,0.047345,0.047726,-0.000381,
127,A:173,ILE,3,0.063158,0.063539,-0.000381,
128,A:40,GLU,3,0.106913,0.107308,-0.000395,
129,A:104,ILE,2,0.088404,0.088807,-0.000404,
130,A:191,CYS,2,0.080052,0.080490,-0.000438,
131,A:286,PHE,3,0.077082,0.077565,-0.000483,
132,A:277,ALA,3,0.083178,0.083671,-0.000492,
133,A:190,GLY,2,0.078394,0.078930,-0.000536,
134,A:69,VAL,2,0.136431,0.137036,-0.000606,yes
135,A:53,SER,3,0.097806,0.098422,-0.000616,
136,A:117,PHE,2,0.093638,0.094266,-0.000629,
137,A:112,LEU,2,0.087099,0.087874,-0.000776,
138,A:180,TYR,3,0.064120,0.064922,-0.000801,
139,A:174,LEU,3,0.060978,0.061823,-0.000845,
140,A:218,THR,3,0.058437,0.059287,-0.000849,
141,A:246,GLN,4,0.055844,0.056774,-0.000930,
142,A:51,GLU,3,0.099315,0.100249,-0.000934,
143,A:120,SER,3,0.087498,0.088490,-0.000992,
144,A:234,PRO,5,0.052251,0.053251,-0.001000,
145,A:257,GLU,5,0.063942,0.064992,-0.001050,
146,A:116,ALA,3,0.085971,0.087089,-0.001117,
147,A:245,ARG,4,0.053136,0.054276,-0.001140,
148,A:242,LYS,5,0.048491,0.049636,-0.001144,
149,A:70,ILE,2,0.133015,0.134192,-0.001178,
150,A:270,ASP,4,0.055968,0.057198,-0.001230,
151,A:58,LEU,2,0.097218,0.098637,-0.001419,
152,A:184,VAL,2,0.074594,0.076034,-0.001440,
153,A:166,LEU,2,0.081269,0.082716,-0.001447,
154,A:217,ARG,4,0.054463,0.055946,-0.001483,
155,A:256,ASP,4,0.063364,0.064868,-0.001504,
156,A:204,PRO,2,0.069893,0.071420,-0.001527,
157,A:21,ALA,1,0.149937,0.151539,-0.001602,
158,A:57,GLU,3,0.096640,0.098254,-0.001613,
159,A:176,GLY,4,0.054693,0.056367,-0.001674,
160,A:108,LEU,2,0.088253,0.090006,-0.001753,
161,A:157,ARG,1,0.144259,0.146019,-0.001760,
162,A:208,GLU,3,0.063123,0.064917,-0.001794,
163,A:247,ASP,4,0.056400,0.058227,-0.001826,
164,A:172,GLU,3,0.060577,0.062408,-0.001831,
165,A:168,TYR,1,0.090899,0.092742,-0.001843,
166,A:0,PHE,3,0.129420,0.131267,-0.001847,
167,A:284,PRO,4,0.068604,0.070465,-0.001861,
168,A:118,CYS,2,0.093377,0.095254,-0.001877,
169,A:99,ILE,2,0.093819,0.095720,-0.001901,
170,A:60,HIS,2,0.096849,0.098787,-0.001938,
171,A:199,ARG,2,0.086868,0.088806,-0.001939,
172,A:250,LYS,4,0.057863,0.059804,-0.001940,
173,A:258,ASP,4,0.065480,0.067421,-0.001941,
174,A:50,ARG,4,0.096243,0.098228,-0.001986,
175,A:111,LEU,1,0.095177,0.097217,-0.002040,
176,A:101,LEU,3,0.086971,0.089042,-0.002072,
177,A:271,PRO,3,0.062577,0.064664,-0.002087,
178,A:77,TYR,1,0.137977,0.140072,-0.002095,
179,A:136,ASN,1,0.119221,0.121373,-0.002152,
180,A:113,GLN,2,0.089895,0.092075,-0.002181,
181,A:206,ASP,3,0.066385,0.068690,-0.002305,
182,A:260,ARG,4,0.064043,0.066363,-0.002320,
183,A:72,THR,2,0.128714,0.131052,-0.002338,
184,A:76,LEU,2,0.133369,0.135740,-0.002371,yes
185,A:192,ILE,1,0.093398,0.095782,-0.002384,
186,A:268,HIS,4,0.062626,0.065055,-0.002429,
187,A:181,SER,3,0.065624,0.068062,-0.002438,
188,A:115,LEU,2,0.088203,0.090692,-0.002489,
189,A:75,LYS,2,0.129235,0.131791,-0.002556,
190,A:178,LYS,5,0.052134,0.054731,-0.002597,
191,A:121,HIS,3,0.090501,0.093103,-0.002602,
192,A:100,PRO,3,0.088200,0.090869,-0.002669,
193,A:272,ASN,4,0.060145,0.062901,-0.002756,
194,A:274,ARG,3,0.065588,0.068441,-0.002852,
195,A:4,PHE,2,0.139586,0.142520,-0.002934,
196,A:265,GLN,4,0.066304,0.069287,-0.002984,
197,A:283,HIS,4,0.068927,0.072182,-0.003255,
198,A:67,LEU,1,0.142109,0.145453,-0.003344,
199,A:289,VAL,3,0.080513,0.083880,-0.003367,
200,A:235,ASP,4,0.049449,0.052858,-0.003409,
201,A:32,LEU,1,0.150616,0.154028,-0.003412,
202,A:182,THR,3,0.076953,0.080461,-0.003508,
203,A:25,LEU,3,0.133825,0.137362,-0.003537,
204,A:65,LYS,1,0.132989,0.136568,-0.003580,
205,A:273,LYS,4,0.057412,0.061129,-0.003717,
206,A:34,LYS,1,0.146034,0.149762,-0.003728,
207,A:201,ALA,2,0.072430,0.076170,-0.003740,
208,A:141,ILE,1,0.105694,0.109468,-0.003774,
209,A:287,GLN,4,0.070911,0.074976,-0.004064,
210,A:109,PHE,2,0.084427,0.088546,-0.004119,
211,A:71,HIS,2,0.128979,0.133118,-0.004139,yes
212,A:1,MET,2,0.129557,0.133712,-0.004155,
213,A:110,GLN,2,0.092228,0.096392,-0.004164,
214,A:79,VAL,1,0.139975,0.144215,-0.004240,
215,A:114,GLY,2,0.091087,0.095360,-0.004273,
216,A:290,THR,3,0.082870,0.087223,-0.004353,
217,A:102,PRO,3,0.084726,0.089130,-0.004404,
218,A:128,LEU,1,0.100826,0.105287,-0.004461,
219,A:35,ILE,1,0.134753,0.139265,-0.004512,yes
220,A:106,SER,2,0.087816,0.092502,-0.004686,
221,A:122,ARG,3,0.086083,0.090774,-0.004690,
222,A:78,LEU,1,0.139419,0.144172,-0.004752,yes
223,A:288,ASP,3,0.075092,0.080170,-0.005078,
224,A:103,LEU,2,0.087529,0.092636,-0.005107,
225,A:56,LYS,2,0.097900,0.103070,-0.005170,yes
226,A:29,VAL,1,0.144438,0.150009,-0.005571,
227,A:62,ASN,2,0.096962,0.102537,-0.005575,
228,A:293,VAL,2,0.097155,0.102744,-0.005589,
229,A:30,VAL,1,0.146225,0.151992,-0.005767,
230,A:165,THR,1,0.093581,0.099503,-0.005922,
231,A:6,LYS,2,0.146728,0.152657,-0.005929,
232,A:107,TYR,1,0.092601,0.098648,-0.006047,
233,A:19,TYR,1,0.156768,0.162863,-0.006094,
234,A:20,LYS,1,0.154516,0.160752,-0.006236,
235,A:292,PRO,2,0.088645,0.094884,-0.006240,
236,A:143,LEU,1,0.106087,0.112374,-0.006288,
237,A:9,LYS,1,0.167577,0.173917,-0.006340,
238,A:294,PRO,1,0.103159,0.109723,-0.006565,
239,A:105,LYS,2,0.079551,0.086212,-0.006661,
240,A:90,PHE,1,0.109084,0.115765,-0.006681,
241,A:8,GLU,1,0.155450,0.162197,-0.006747,
242,A:22,ARG,2,0.139782,0.146783,-0.007001,
243,A:93,ALA,1,0.102391,0.109404,-0.007013,
244,A:7,VAL,2,0.145500,0.152683,-0.007183,
245,A:140,ALA,2,0.101483,0.108702,-0.007219,
246,A:87,LEU,1,0.110035,0.117455,-0.007420,
247,A:135,ILE,1,0.112858,0.120482,-0.007624,
248,A:61,PRO,2,0.095317,0.103033,-0.007715,
249,A:3,ASN,3,0.126923,0.135381,-0.008458,
250,A:291,LYS,3,0.084260,0.092911,-0.008651,
251,A:-3,SER,3,0.117056,0.125745,-0.008688,
252,A:27,GLY,2,0.132578,0.141555,-0.008976,
253,A:-1,GLU,2,0.125388,0.134530,-0.009142,
254,A:142,LYS,1,0.112185,0.121420,-0.009236,
255,A:63,ILE,1,0.101443,0.110757,-0.009314,
256,A:26,THR,2,0.129619,0.139110,-0.009492,
257,A:295,HIS,2,0.099320,0.108839,-0.009518,
258,A:296,LEU,1,0.107941,0.117621,-0.009680,
259,A:24,LYS,3,0.130292,0.140032,-0.009739,
260,A:138,GLU,2,0.097709,0.107599,-0.009889,
261,A:137,THR,2,0.099028,0.109175,-0.010147,
262,A:5,GLN,2,0.135593,0.145822,-0.010229,
263,A:139,GLY,2,0.095191,0.105469,-0.010279,
264,A:2,GLU,3,0.122096,0.132856,-0.010760,
265,A:-2,PRO,3,0.117641,0.128562,-0.010921,
266,A:68,ASP,2,0.126272,0.138049,-0.011777,
267,A:23,ASN,2,0.130037,0.142188,-0.012151,
268,A:28,GLU,1,0.133798,0.146770,-0.012972,
269,A:297,ARG,2,0.099773,0.114758,-0.014984,
270,A:163,VAL,1,0.101534,0.117638,-0.016105,
271,A:164,VAL,1,0.096021,0.112544,-0.016523,
272,A:298,LEU,1,0.113287,0.132721,-0.019433,
