index,node,chain,resseq,icode,resname,x,y,z
0,A:151,A,151,,MET,19.457,32.943,25.591
1,A:152,A,152,,ASP,23.126,36.292,28.966
2,A:153,A,153,,ILE,23.062,36.854,23.441
3,A:154,A,154,,ARG,19.444,41.206,24.830
4,A:155,A,155,,GLN,19.837,42.841,19.368
5,A:156,A,156,,GLY,21.698,46.427,21.598
6,A:157,A,157,,PRO,18.993,50.357,21.249
7,A:158,A,158,,LYS,23.025,51.649,18.358
8,A:159,A,159,,GLU,24.086,45.924,18.653
9,A:160,A,160,,PRO,25.415,45.639,13.207
10,A:161,A,161,,PHE,20.793,42.292,12.666
11,A:162,A,162,,ARG,25.684,40.732,11.032
12,A:163,A,163,,ASP,27.408,42.658,15.805
13,A:164,A,164,,TYR,22.787,40.897,17.684
14,A:165,A,165,,VAL,23.502,36.931,14.077
15,A:166,A,166,,ASP,28.595,36.912,15.612
16,A:167,A,167,,ARG,26.850,37.988,20.638
17,A:168,A,168,,PHE,22.761,34.993,19.186
18,A:169,A,169,,TYR,25.771,31.709,16.616
19,A:170,A,170,,LYS,29.455,33.137,20.556
20,A:171,A,171,,THR,25.475,32.075,23.876
21,A:172,A,172,,LEU,23.789,28.840,19.955
22,A:173,A,173,,ARG,29.006,27.352,19.492
23,A:174,A,174,,ALA,28.803,27.388,24.888
24,A:175,A,175,,GLU,24.425,24.456,24.418
25,A:176,A,176,,GLN,27.391,20.655,21.422
26,A:177,A,177,,ALA,22.370,23.806,19.817
27,A:178,A,178,,SER,20.917,18.979,17.305
28,A:179,A,179,,GLN,20.262,20.791,12.500
29,A:180,A,180,,GLU,16.101,19.916,15.692
30,A:181,A,181,,VAL,18.754,22.639,19.484
31,A:182,A,182,,LYS,20.444,25.660,15.306
32,A:183,A,183,,ASN,15.468,25.055,13.475
33,A:184,A,184,,TRP,13.904,25.342,18.545
34,A:185,A,185,,MET,17.815,28.731,19.367
35,A:186,A,186,,THR,16.869,30.474,14.331
36,A:187,A,187,,GLU,11.625,29.849,15.408
37,A:188,A,188,,THR,11.978,30.936,20.287
38,A:189,A,189,,LEU,15.935,32.864,22.153
39,A:190,A,190,,LEU,17.402,34.552,17.078
40,A:191,A,191,,VAL,12.460,36.438,16.718
41,A:192,A,192,,GLN,12.008,36.602,21.902
42,A:193,A,193,,ASN,17.014,38.130,22.538
43,A:194,A,194,,ALA,15.689,41.097,17.701
44,A:195,A,195,,ASN,17.109,46.213,19.295
45,A:196,A,196,,PRO,12.617,48.485,19.822
46,A:197,A,197,,ASP,14.564,48.939,15.018
47,A:198,A,198,,CYS,15.902,44.124,14.411
48,A:199,A,199,,LYS,11.879,42.818,17.907
49,A:200,A,200,,THR,8.612,45.551,14.577
50,A:201,A,201,,ILE,11.791,43.960,10.721
51,A:202,A,202,,LEU,12.416,39.416,13.221
52,A:203,A,203,,LYS,7.230,39.620,14.712
53,A:204,A,204,,ALA,6.449,41.683,9.885
54,A:205,A,205,,LEU,9.788,37.196,8.539
55,A:206,A,206,,GLY,6.080,34.704,9.548
56,A:207,A,207,,PRO,5.901,30.083,10.675
57,A:208,A,208,,GLY,9.861,29.227,8.617
58,A:209,A,209,,ALA,11.599,33.779,8.428
59,A:210,A,210,,THR,16.290,31.000,6.345
60,A:211,A,211,,LEU,19.645,32.369,10.045
61,A:212,A,212,,GLU,19.784,33.638,4.863
62,A:213,A,213,,GLU,14.787,35.364,5.300
63,A:214,A,214,,MET,16.429,36.699,10.346
64,A:215,A,215,,MET,21.047,38.127,8.220
65,A:216,A,216,,THR,18.050,39.641,3.929
66,A:217,A,217,,ALA,14.486,41.158,7.488
67,A:218,A,218,,CYS,17.525,43.060,11.021
68,A:219,A,219,,GLN,21.152,44.074,6.323
69,A:220,A,220,,GLY,22.536,47.781,8.491
