rank,residue,resname,signal_from_active_site_at_gamma_100,contacts,known_allosteric
1,A:103,ALA,0.332977,14,
2,A:117,GLY,0.321839,12,
3,A:336,ILE,0.298153,17,
4,A:268,GLY,0.288015,12,
5,A:115,MET,0.286798,15,
6,A:337,SER,0.286096,14,
7,A:116,GLU,0.275120,11,
8,A:73,GLY,0.269441,9,
9,A:134,GLY,0.267223,15,
10,A:338,PRO,0.265759,12,
11,A:75,SER,0.265131,4,
12,A:270,GLU,0.245220,6,yes
13,A:104,TYR,0.231128,13,yes
14,A:333,ILE,0.230742,15,
15,A:349,THR,0.225330,16,
16,A:81,VAL,0.216336,16,
17,A:266,LEU,0.215264,13,yes
18,A:77,LYS,0.213650,7,
19,A:269,SER,0.204229,12,yes
20,A:72,PHE,0.201624,13,
21,A:28,PHE,0.199518,9,
22,A:334,ALA,0.198059,15,
23,A:133,ALA,0.193162,12,
24,A:29,ASN,0.193070,8,
25,A:345,GLU,0.190136,12,
26,A:80,ASP,0.185506,9,
27,A:234,ARG,0.180788,9,
28,A:23,VAL,0.178884,17,
29,A:342,ASN,0.175929,13,
30,A:230,ALA,0.168512,8,
31,A:231,TYR,0.167652,9,
32,A:237,SER,0.167316,13,
33,A:43,CYS,0.165309,12,
34,A:131,PRO,0.163997,9,
35,A:235,SER,0.157742,10,
36,A:135,ILE,0.155968,14,
37,A:229,ASN,0.151783,9,
38,A:79,ILE,0.150038,8,
39,A:346,THR,0.149815,14,
40,A:267,ALA,0.145796,11,
41,A:136,ILE,0.140988,11,
42,A:120,SER,0.140049,9,
43,A:41,VAL,0.137946,13,
44,A:264,VAL,0.133143,14,
45,A:348,SER,0.132745,11,
46,A:119,ARG,0.130512,11,
47,A:82,TYR,0.128640,13,
48,A:71,VAL,0.123599,13,
49,A:22,VAL,0.119879,15,
50,A:138,ARG,0.117800,13,
51,A:228,MET,0.117383,8,
52,A:102,PHE,0.112924,11,
53,A:137,PRO,0.110187,15,
54,A:236,HIS,0.110153,13,
55,A:339,ALA,0.109757,13,
56,A:50,VAL,0.109482,15,
57,A:130,ASP,0.107164,12,
58,A:32,GLU,0.106399,13,
59,A:350,LEU,0.105538,15,
60,A:263,LEU,0.101123,14,
61,A:239,PHE,0.100622,13,
62,A:84,SER,0.099762,9,
63,A:221,ARG,0.097998,9,
64,A:352,TYR,0.096518,12,yes
65,A:224,ALA,0.092641,8,
66,A:83,ARG,0.091388,8,
67,A:344,GLU,0.090538,6,
68,A:39,SER,0.087291,9,
69,A:353,ALA,0.087132,15,yes
70,A:341,LEU,0.086029,8,
71,A:45,PRO,0.085949,9,
72,A:101,ILE,0.085465,16,
73,A:85,VAL,0.084879,15,
74,A:227,LEU,0.084864,6,
75,A:347,LEU,0.084736,11,
76,A:332,ILE,0.082090,14,yes
77,A:238,VAL,0.081158,15,
78,A:162,GLU,0.080723,13,
79,A:70,MET,0.079982,11,
80,A:292,LEU,0.077073,14,yes
81,A:218,ALA,0.075426,10,
82,A:351,GLU,0.074085,8,
83,A:226,THR,0.073614,5,
84,A:343,LEU,0.073090,11,
85,A:40,ILE,0.072090,12,
86,A:37,ALA,0.072005,11,
87,A:86,VAL,0.071639,13,
88,A:289,ASN,0.071534,9,yes
89,A:164,TYR,0.070539,9,
90,A:68,PHE,0.068198,16,
91,A:125,TYR,0.066970,9,
92,A:42,GLU,0.066832,6,
93,A:33,ARG,0.065281,9,
94,A:21,VAL,0.064741,13,
95,A:225,ALA,0.064444,5,
96,A:271,ASN,0.063741,3,
97,A:331,SER,0.062388,14,
98,A:139,THR,0.060826,14,
99,A:340,SER,0.058394,10,
100,A:52,VAL,0.057686,14,
101,A:44,ASP,0.057118,10,
102,A:127,TRP,0.056946,13,
103,A:30,LEU,0.054090,5,
104,A:129,GLU,0.053547,6,
105,A:66,TYR,0.053538,13,
106,A:31,ALA,0.053376,6,
107,A:121,PRO,0.051720,4,
108,A:49,GLU,0.050992,12,
109,A:128,GLU,0.050725,10,
110,A:163,ILE,0.049418,15,
111,A:124,GLU,0.049006,6,
112,A:35,ALA,0.047713,8,
113,A:51,SER,0.045782,11,
114,A:160,LEU,0.045118,11,
115,A:20,GLN,0.045015,11,
116,A:87,CYS,0.044240,10,
117,A:262,ASN,0.043960,13,
118,A:38,HIS,0.043476,6,
119,A:354,HIS,0.043440,13,
120,A:48,LYS,0.042135,11,
121,A:222,THR,0.041638,6,
122,A:69,ASP,0.041212,8,
123,A:100,THR,0.041086,14,
124,A:220,LYS,0.039221,8,
125,A:123,GLU,0.038990,4,
126,A:291,SER,0.038354,14,
127,A:122,ASN,0.038232,4,
128,A:295,LEU,0.037859,14,yes
129,A:126,THR,0.037714,6,
130,A:214,LEU,0.037645,11,
131,A:171,LEU,0.037268,8,
132,A:223,THR,0.037034,5,
133,A:140,LEU,0.036620,14,
134,A:161,LEU,0.035547,15,
135,A:240,SER,0.035343,12,
136,A:34,LYS,0.035103,6,
137,A:141,HIS,0.035015,12,
138,A:64,LYS,0.034669,9,
139,A:355,ARG,0.033316,8,yes
140,A:219,ALA,0.033145,8,
141,A:356,ALA,0.032920,13,yes
142,A:65,THR,0.032704,9,
143,A:330,THR,0.032458,13,
144,A:316,LEU,0.031974,13,
145,A:357,LYS,0.031164,12,
146,A:217,GLY,0.031093,8,
147,A:53,ARG,0.031018,12,
148,A:89,ILE,0.029618,13,
149,A:54,THR,0.028809,11,
150,A:169,PHE,0.027959,9,
151,A:36,SER,0.027741,5,
152,A:241,VAL,0.027570,13,
153,A:261,LEU,0.027467,16,
154,A:320,LEU,0.026811,14,
155,A:47,ARG,0.026795,7,
156,A:19,ILE,0.026775,11,
157,A:142,GLN,0.026383,10,
158,A:46,VAL,0.025986,4,
159,A:293,LEU,0.025131,10,yes
160,A:67,THR,0.024860,11,
161,A:296,GLY,0.024678,10,yes
162,A:288,ILE,0.024537,5,yes
163,A:215,GLU,0.024457,9,
164,A:88,PRO,0.024192,8,
165,A:216,LYS,0.023362,8,
166,A:210,VAL,0.023331,15,
167,A:56,GLY,0.023136,9,
168,A:290,GLN,0.023030,9,
169,A:359,ILE,0.022051,9,
170,A:287,ASN,0.021704,3,yes
171,A:90,LEU,0.020274,13,
172,A:63,ARG,0.020031,8,
173,A:99,CYS,0.020002,14,
174,A:158,VAL,0.019861,14,
175,A:167,GLU,0.019618,7,
176,A:170,ASP,0.019578,13,
177,A:159,SER,0.019530,13,
178,A:211,TYR,0.019355,11,
179,A:168,LEU,0.019270,11,
180,A:294,THR,0.019088,13,
181,A:319,ILE,0.018831,12,
182,A:329,ARG,0.017515,10,
183,A:299,ILE,0.017126,11,yes
184,A:361,ASN,0.016409,8,
185,A:315,LYS,0.015869,11,
186,A:213,ILE,0.015818,12,
187,A:166,GLU,0.015701,7,
188,A:314,SER,0.015679,11,
189,A:358,ASN,0.015426,7,
190,A:143,ILE,0.015228,13,
191,A:323,SER,0.014674,11,
192,A:165,ASN,0.014522,3,
193,A:172,LEU,0.013994,8,
194,A:317,THR,0.013182,16,
195,A:260,LYS,0.013144,13,
196,A:207,LYS,0.013098,8,
197,A:212,GLN,0.012839,8,
198,A:98,ASN,0.012578,12,
199,A:62,SER,0.012224,9,
200,A:144,PHE,0.011407,12,
201,A:91,ASP,0.011149,9,
202,A:297,ARG,0.011032,10,yes
203,A:328,THR,0.010640,13,
204,A:324,LEU,0.010294,14,
205,A:55,GLY,0.010094,6,
206,A:303,VAL,0.010071,10,
207,A:300,THR,0.009823,11,yes
208,A:182,LEU,0.009814,10,
209,A:242,THR,0.009757,12,
210,A:59,ASP,0.009687,7,
211,A:298,VAL,0.009653,13,
212,A:93,VAL,0.009462,14,
213,A:173,ASN,0.009309,4,
214,A:318,ARG,0.009301,12,
215,A:92,GLU,0.009291,13,
216,A:204,VAL,0.009068,11,
217,A:199,LEU,0.008692,9,
218,A:156,VAL,0.008666,14,
219,A:18,ASN,0.008251,8,
220,A:360,LEU,0.008186,5,
221,A:145,GLU,0.008114,8,
222,A:60,LYS,0.007989,6,
223,A:209,GLU,0.007869,9,
224,A:196,ILE,0.007728,11,
225,A:157,LYS,0.007607,11,
226,A:362,LYS,0.007566,5,
227,A:202,ILE,0.007554,9,
228,A:313,GLU,0.007456,8,
229,A:208,ASP,0.007405,6,
230,A:321,GLN,0.007322,11,
231,A:200,GLU,0.007119,8,
232,A:243,ILE,0.006968,16,
233,A:146,LYS,0.006728,11,
234,A:201,GLU,0.006568,8,
235,A:322,ASP,0.006405,10,
236,A:97,TYR,0.006323,10,
237,A:302,LEU,0.006252,13,
238,A:311,TYR,0.006217,11,
239,A:325,GLY,0.006184,7,
240,A:184,MET,0.006162,11,
241,A:206,ASN,0.006148,7,
242,A:259,GLY,0.005856,13,
243,A:94,ILE,0.005682,12,
244,A:310,PRO,0.005221,10,
245,A:198,GLY,0.005093,7,
246,A:61,SER,0.004925,4,
247,A:301,ALA,0.004630,12,
248,A:183,GLN,0.004410,7,
249,A:96,GLY,0.003982,11,
250,A:194,VAL,0.003964,11,
251,A:312,ARG,0.003852,5,
252,A:95,MET,0.003623,7,
253,A:203,THR,0.003577,7,
254,A:147,LEU,0.003544,13,
255,A:326,GLY,0.003538,5,
256,A:309,VAL,0.003502,9,
257,A:327,ARG,0.003401,5,
258,A:197,LYS,0.003391,8,
259,A:258,ILE,0.003223,9,
260,A:205,HIS,0.003200,5,
261,A:244,HIS,0.002931,12,
262,A:363,PRO,0.002900,2,
263,A:304,GLU,0.002831,6,
264,A:155,SER,0.002677,6,
265,A:148,THR,0.002609,7,
266,A:193,GLY,0.002166,10,
267,A:306,THR,0.002136,8,
268,A:305,ARG,0.002095,6,
269,A:192,ARG,0.001966,6,
270,A:195,ILE,0.001935,8,
271,A:245,MET,0.001911,14,
272,A:154,PHE,0.001906,9,
273,A:149,ASP,0.001867,6,
274,A:185,PHE,0.001640,7,
275,A:257,LYS,0.001462,9,
276,A:308,HIS,0.001325,5,
277,A:150,ASN,0.001274,6,
278,A:190,ASN,0.000912,7,
279,A:186,ASP,0.000840,6,
280,A:151,GLY,0.000814,5,
281,A:187,ASP,0.000805,8,
282,A:256,VAL,0.000718,8,
283,A:152,THR,0.000709,8,
284,A:246,LYS,0.000545,10,
285,A:307,PRO,0.000495,3,
286,A:191,LYS,0.000485,3,
287,A:153,GLU,0.000433,4,
288,A:247,GLU,0.000346,9,
289,A:188,PRO,0.000226,4,
290,A:255,LEU,0.000207,8,
291,A:189,ARG,0.000173,3,
292,A:254,GLU,0.000124,7,
293,A:248,THR,0.000082,7,
294,A:249,THR,0.000042,7,
295,A:253,GLU,0.000030,6,
296,A:252,GLY,0.000018,6,
297,A:251,ASP,0.000006,4,
298,A:250,ILE,0.000005,3,
