rank,residue,resname,hops_from_start,quantum_at_gamma_1.778,classical_at_rate_0.3598,quantum_minus_classical,known_allosteric
1,A:192,ARG,1,0.143153,0.128177,0.014977,
2,A:81,SER,1,0.158894,0.145953,0.012941,
3,A:80,GLN,1,0.150829,0.138432,0.012397,
4,A:240,ILE,2,0.108639,0.099214,0.009425,
5,A:224,THR,1,0.139234,0.130769,0.008465,
6,A:267,ILE,5,0.072562,0.064423,0.008139,
7,A:7,SER,1,0.131623,0.125041,0.006582,
8,A:237,ILE,1,0.113622,0.107332,0.006290,
9,A:274,MET,5,0.068951,0.062701,0.006249,
10,A:261,ILE,4,0.079488,0.073251,0.006237,
11,A:159,GLU,1,0.106143,0.100235,0.005908,
12,A:254,ILE,3,0.087947,0.082060,0.005887,yes
13,A:246,LEU,3,0.096802,0.090973,0.005829,
14,A:107,GLY,1,0.126951,0.121181,0.005770,
15,A:189,PRO,1,0.136526,0.130945,0.005582,
16,A:155,ILE,4,0.086236,0.081024,0.005212,
17,A:283,MET,5,0.069396,0.064330,0.005066,
18,A:53,SER,1,0.138222,0.133220,0.005002,
19,A:266,LEU,4,0.072566,0.067597,0.004968,
20,A:273,LEU,4,0.069038,0.064148,0.004891,
21,A:119,LEU,2,0.093758,0.089068,0.004690,
22,A:282,LEU,4,0.072583,0.068084,0.004499,
23,A:190,SER,1,0.127915,0.123596,0.004319,
24,A:191,ALA,2,0.129175,0.124983,0.004192,
25,A:188,THR,2,0.124420,0.120315,0.004105,
26,A:71,LEU,3,0.085693,0.081590,0.004103,
27,A:279,GLY,4,0.069275,0.065272,0.004003,
28,A:37,PRO,1,0.116452,0.112498,0.003955,
29,A:46,ILE,3,0.097488,0.093672,0.003816,
30,A:22,SER,1,0.148179,0.144391,0.003788,
31,A:269,LEU,5,0.070464,0.066692,0.003772,
32,A:258,MET,3,0.083612,0.079896,0.003717,
33,A:193,GLY,1,0.136641,0.132958,0.003683,
34,A:73,ILE,3,0.092012,0.088467,0.003545,
35,A:214,LEU,2,0.090382,0.086880,0.003502,
36,A:248,VAL,2,0.099001,0.095544,0.003457,yes
37,A:120,LEU,2,0.092982,0.089593,0.003389,
38,A:270,ALA,5,0.068138,0.064875,0.003263,
39,A:251,LEU,3,0.089747,0.086581,0.003166,
40,A:216,GLY,2,0.092158,0.089001,0.003158,
41,A:39,SER,2,0.098113,0.095063,0.003050,
42,A:278,TYR,3,0.075334,0.072334,0.003000,
43,A:223,ASP,1,0.136520,0.133664,0.002856,
44,A:212,VAL,2,0.089264,0.086429,0.002834,
45,A:83,PRO,1,0.157194,0.154378,0.002816,
46,A:144,GLY,2,0.093047,0.090231,0.002816,
47,A:285,LEU,5,0.068982,0.066240,0.002743,
48,A:154,VAL,3,0.087604,0.084876,0.002727,
49,A:232,GLN,2,0.127164,0.124558,0.002606,
50,A:286,ALA,5,0.067389,0.064833,0.002556,
51,A:43,LEU,2,0.091969,0.089417,0.002551,yes
52,A:272,PRO,5,0.064953,0.062466,0.002487,
53,A:148,PHE,3,0.085203,0.082756,0.002447,
54,A:124,ALA,3,0.092747,0.090365,0.002382,
55,A:262,SER,5,0.070246,0.067923,0.002323,
56,A:219,PHE,1,0.097673,0.095383,0.002289,
57,A:255,ALA,3,0.080411,0.078122,0.002289,
58,A:69,SER,4,0.088901,0.086645,0.002255,
59,A:164,PRO,2,0.090181,0.087968,0.002214,
60,A:1,MET,2,0.096011,0.094028,0.001984,
61,A:116,PHE,1,0.094948,0.092982,0.001966,yes
62,A:183,ILE,1,0.106683,0.104758,0.001925,
63,A:123,ALA,3,0.091566,0.089642,0.001924,
64,A:215,LEU,1,0.094391,0.092692,0.001699,
65,A:198,THR,1,0.101814,0.100152,0.001662,
66,A:229,SER,1,0.138277,0.136655,0.001623,
67,A:236,PHE,2,0.110647,0.109123,0.001523,
68,A:259,GLY,4,0.075355,0.073884,0.001471,
69,A:36,TYR,1,0.109140,0.107678,0.001463,
70,A:42,MET,2,0.089822,0.088367,0.001455,
71,A:72,GLY,4,0.083270,0.081819,0.001451,
72,A:24,GLN,1,0.132663,0.131213,0.001450,
73,A:158,GLU,2,0.091317,0.089893,0.001424,
74,A:35,TYR,2,0.106393,0.105040,0.001353,
75,A:61,PHE,1,0.126230,0.124887,0.001343,
76,A:277,GLU,4,0.066672,0.065406,0.001266,
77,A:210,LEU,3,0.091441,0.090227,0.001214,
78,A:49,ILE,2,0.101286,0.100151,0.001136,
79,A:245,SER,3,0.093729,0.092610,0.001119,
80,A:59,PRO,2,0.126436,0.125365,0.001071,
81,A:175,PHE,2,0.094443,0.093454,0.000989,
82,A:166,SER,3,0.086339,0.085360,0.000980,
83,A:157,ILE,2,0.090994,0.090051,0.000944,
84,A:281,TYR,4,0.070711,0.069817,0.000894,
85,A:19,LYS,1,0.176705,0.175899,0.000805,
86,A:97,ILE,1,0.103999,0.103201,0.000798,
87,A:146,VAL,3,0.087713,0.086930,0.000783,
88,A:218,GLY,2,0.092951,0.092200,0.000751,
89,A:28,VAL,1,0.118452,0.117787,0.000665,
90,A:205,LEU,3,0.091783,0.091136,0.000648,
91,A:77,TYR,2,0.119155,0.118515,0.000640,
92,A:58,THR,1,0.129795,0.129176,0.000618,
93,A:65,LEU,2,0.110144,0.109557,0.000587,
94,A:115,GLY,2,0.089656,0.089126,0.000530,yes
95,A:250,CYS,3,0.085167,0.084697,0.000470,
96,A:231,LEU,1,0.130683,0.130249,0.000435,
97,A:256,TYR,4,0.072641,0.072208,0.000433,
98,A:264,GLU,5,0.065079,0.064678,0.000401,
99,A:276,ASN,4,0.064114,0.063748,0.000366,
100,A:133,PHE,1,0.093581,0.093218,0.000363,
101,A:180,VAL,1,0.102313,0.101951,0.000362,
102,A:275,LYS,5,0.060774,0.060490,0.000283,
103,A:102,VAL,1,0.101031,0.100818,0.000214,
104,A:41,LEU,2,0.097917,0.097733,0.000185,
105,A:260,TYR,3,0.079906,0.079723,0.000183,
106,A:280,GLN,4,0.065240,0.065067,0.000172,
107,A:137,VAL,2,0.087316,0.087170,0.000145,
108,A:167,SER,3,0.085304,0.085163,0.000141,
109,A:44,ALA,2,0.091556,0.091419,0.000137,
110,A:265,GLN,5,0.067559,0.067427,0.000132,
111,A:249,ALA,2,0.094598,0.094501,0.000098,yes
112,A:40,VAL,1,0.099297,0.099215,0.000082,
113,A:271,GLU,5,0.063157,0.063085,0.000073,
114,A:181,VAL,1,0.105612,0.105542,0.000070,
115,A:222,LEU,1,0.116864,0.116812,0.000052,
116,A:34,VAL,1,0.117391,0.117372,0.000019,
117,A:145,VAL,2,0.088679,0.088711,-0.000032,
118,A:207,LEU,3,0.091787,0.091852,-0.000065,
119,A:33,MET,1,0.124653,0.124743,-0.000090,
120,A:132,ILE,2,0.091683,0.091809,-0.000126,
121,A:156,SER,3,0.085710,0.085905,-0.000196,
122,A:168,TYR,3,0.086322,0.086521,-0.000199,
123,A:165,LYS,2,0.087226,0.087546,-0.000320,
124,A:63,GLN,2,0.117166,0.117492,-0.000326,
125,A:45,GLY,3,0.088977,0.089307,-0.000330,
126,A:135,TYR,2,0.089941,0.090344,-0.000403,
127,A:68,GLY,3,0.091668,0.092129,-0.000462,
128,A:163,GLU,1,0.093705,0.094176,-0.000472,
129,A:287,HIS,6,0.062046,0.062526,-0.000481,
130,A:117,THR,2,0.088055,0.088555,-0.000500,yes
131,A:103,ALA,2,0.097121,0.097739,-0.000618,
132,A:62,GLU,2,0.115180,0.115864,-0.000684,
133,A:171,THR,1,0.096123,0.096849,-0.000726,
134,A:38,LEU,2,0.101333,0.102083,-0.000750,
135,A:200,VAL,1,0.104976,0.105730,-0.000753,
136,A:147,GLU,3,0.084662,0.085447,-0.000785,
137,A:161,PRO,1,0.091733,0.092554,-0.000821,
138,A:104,LEU,1,0.108038,0.108860,-0.000821,
139,A:284,ASN,5,0.063339,0.064233,-0.000895,
140,A:74,SER,3,0.093554,0.094596,-0.001043,
141,A:169,ALA,2,0.087067,0.088120,-0.001053,
142,A:268,LYS,5,0.063122,0.064224,-0.001103,
143,A:203,ALA,2,0.097520,0.098628,-0.001107,
144,A:233,ALA,1,0.120006,0.121121,-0.001114,
145,A:253,GLU,4,0.074635,0.075834,-0.001199,yes
146,A:4,ILE,1,0.107391,0.108594,-0.001203,
147,A:220,ALA,1,0.102608,0.103828,-0.001219,
148,A:244,GLN,3,0.092334,0.093553,-0.001220,
149,A:140,PRO,2,0.085605,0.086845,-0.001241,
150,A:138,LYS,3,0.081888,0.083140,-0.001253,
151,A:75,LEU,3,0.102428,0.103738,-0.001310,
152,A:201,ASN,2,0.095643,0.096953,-0.001310,
153,A:31,LYS,2,0.104038,0.105368,-0.001330,
154,A:130,ALA,2,0.092756,0.094109,-0.001352,
155,A:143,PHE,2,0.086442,0.087807,-0.001365,
156,A:105,VAL,1,0.105793,0.107189,-0.001396,
157,A:134,GLY,2,0.087566,0.089011,-0.001445,
158,A:228,GLU,1,0.137895,0.139386,-0.001491,
159,A:128,SER,3,0.087427,0.088920,-0.001493,
160,A:139,ASP,2,0.083481,0.085043,-0.001561,
161,A:239,THR,2,0.099673,0.101336,-0.001663,
162,A:141,GLN,1,0.089372,0.091108,-0.001736,
163,A:96,PHE,2,0.104139,0.105930,-0.001791,
164,A:170,VAL,2,0.089656,0.091454,-0.001798,
165,A:202,LYS,2,0.094859,0.096661,-0.001802,
166,A:131,THR,2,0.088591,0.090468,-0.001877,
167,A:136,ASN,3,0.084876,0.086761,-0.001885,
168,A:173,LEU,1,0.100651,0.102612,-0.001960,
169,A:50,LEU,2,0.106423,0.108413,-0.001991,
170,A:160,LYS,2,0.087596,0.089684,-0.002088,
171,A:247,LYS,3,0.083640,0.085763,-0.002123,
172,A:142,ARG,2,0.084341,0.086590,-0.002249,
173,A:113,GLY,1,0.093391,0.095684,-0.002292,yes
174,A:263,ARG,5,0.063344,0.065693,-0.002350,
175,A:66,GLY,2,0.104654,0.107012,-0.002358,
176,A:89,ALA,1,0.119641,0.122006,-0.002365,
177,A:242,LYS,3,0.093763,0.096143,-0.002380,
178,A:18,THR,1,0.167868,0.170361,-0.002492,
179,A:199,ASP,1,0.107573,0.110068,-0.002494,
180,A:208,GLY,3,0.087547,0.090091,-0.002545,
181,A:221,TRP,1,0.099542,0.102196,-0.002653,
182,A:51,ILE,2,0.111573,0.114254,-0.002681,
183,A:5,ILE,2,0.108085,0.110803,-0.002718,
184,A:125,ASN,3,0.085842,0.088594,-0.002752,
185,A:114,HIS,2,0.087280,0.090079,-0.002799,yes
186,A:129,GLY,2,0.088762,0.091605,-0.002843,
187,A:288,ARG,6,0.059303,0.062167,-0.002863,
188,A:257,ARG,4,0.072536,0.075435,-0.002899,yes
189,A:57,ASP,1,0.133862,0.136806,-0.002944,
190,A:121,GLN,3,0.085447,0.088426,-0.002979,
191,A:112,TYR,1,0.099808,0.102819,-0.003011,yes
192,A:184,ALA,1,0.110385,0.113449,-0.003064,
193,A:47,LYS,3,0.086005,0.089080,-0.003075,
194,A:252,GLU,4,0.071332,0.074544,-0.003212,
195,A:241,GLU,2,0.093814,0.097027,-0.003213,
196,A:204,TYR,2,0.091482,0.094708,-0.003227,
197,A:70,GLU,4,0.073543,0.076837,-0.003294,
198,A:187,ILE,1,0.109531,0.112871,-0.003340,
199,A:243,ARG,3,0.091672,0.095032,-0.003361,
200,A:172,GLY,1,0.100098,0.103668,-0.003570,
201,A:23,LYS,1,0.148080,0.151668,-0.003588,
202,A:213,GLU,2,0.085121,0.088799,-0.003678,
203,A:211,HIS,3,0.085240,0.088930,-0.003689,
204,A:206,GLU,3,0.088428,0.092229,-0.003801,
205,A:106,LEU,1,0.112012,0.115876,-0.003864,
206,A:217,ARG,2,0.084535,0.088418,-0.003882,
207,A:60,ARG,1,0.126186,0.130115,-0.003929,
208,A:118,GLU,2,0.084080,0.088058,-0.003978,
209,A:64,LEU,1,0.115349,0.119388,-0.004039,
210,A:122,ARG,3,0.084083,0.088319,-0.004237,
211,A:197,ILE,1,0.108787,0.113178,-0.004392,
212,A:67,GLY,3,0.096197,0.100607,-0.004410,
213,A:48,ASP,3,0.090785,0.095202,-0.004417,
214,A:127,LYS,3,0.084712,0.089204,-0.004492,
215,A:3,GLY,2,0.096413,0.100988,-0.004575,
216,A:126,ARG,3,0.085258,0.089847,-0.004590,
217,A:98,GLY,2,0.096820,0.101450,-0.004630,
218,A:238,GLU,2,0.099289,0.103921,-0.004632,
219,A:76,SER,3,0.100324,0.104966,-0.004643,
220,A:29,TYR,2,0.104264,0.108955,-0.004691,
221,A:174,TYR,2,0.094391,0.099135,-0.004744,
222,A:235,GLN,2,0.107785,0.112600,-0.004815,
223,A:209,GLU,3,0.085019,0.090093,-0.005075,
224,A:30,ASP,2,0.095554,0.100641,-0.005087,
225,A:176,TYR,1,0.093325,0.098608,-0.005283,
226,A:93,GLY,1,0.106858,0.112155,-0.005297,
227,A:195,LEU,1,0.121472,0.126895,-0.005423,
228,A:91,ILE,1,0.111819,0.117284,-0.005465,
229,A:177,ASP,2,0.088022,0.093546,-0.005524,
230,A:152,GLY,3,0.073935,0.079691,-0.005756,
231,A:230,LEU,1,0.133372,0.139198,-0.005826,
232,A:101,ASN,2,0.088908,0.094805,-0.005898,
233,A:179,ARG,2,0.091723,0.097650,-0.005927,
234,A:100,ASP,2,0.091426,0.097514,-0.006088,
235,A:234,SER,2,0.110355,0.116547,-0.006192,
236,A:32,PRO,1,0.115535,0.121754,-0.006219,
237,A:6,LEU,1,0.113952,0.120624,-0.006672,
238,A:78,ALA,2,0.111278,0.117953,-0.006675,
239,A:150,GLU,4,0.067484,0.074163,-0.006679,
240,A:99,ASP,2,0.090977,0.097724,-0.006748,
241,A:178,ASN,2,0.091705,0.098463,-0.006758,
242,A:226,THR,1,0.146992,0.153760,-0.006768,
243,A:52,ILE,1,0.114682,0.121705,-0.007023,
244,A:95,GLU,2,0.097273,0.104326,-0.007053,
245,A:182,ASP,2,0.096832,0.104207,-0.007376,
246,A:151,LYS,4,0.067707,0.075260,-0.007552,
247,A:27,PRO,1,0.109322,0.116917,-0.007595,
248,A:92,ILE,1,0.113558,0.121301,-0.007743,
249,A:2,LYS,2,0.091584,0.099335,-0.007752,
250,A:149,ASP,4,0.069309,0.077153,-0.007843,
251,A:56,GLU,1,0.131968,0.139841,-0.007873,
252,A:79,VAL,1,0.123962,0.132381,-0.008419,
253,A:185,LYS,1,0.100347,0.108940,-0.008594,
254,A:17,LEU,1,0.161933,0.170963,-0.009030,
255,A:186,ASN,2,0.097703,0.106897,-0.009194,
256,A:94,GLU,1,0.099021,0.108634,-0.009613,
257,A:153,LYS,3,0.068607,0.079650,-0.011042,
258,A:21,VAL,1,0.131988,0.144542,-0.012554,
259,A:20,VAL,2,0.132954,0.155194,-0.022240,
