rank,residue,resname,signal_from_active_site_at_gamma_1.778,contacts,known_allosteric
1,A:19,LYS,0.176705,5,
2,A:18,THR,0.167868,13,
3,A:17,LEU,0.161933,8,
4,A:81,SER,0.158894,4,
5,A:83,PRO,0.157194,8,
6,A:80,GLN,0.150829,15,
7,A:22,SER,0.148179,14,
8,A:23,LYS,0.148080,13,
9,A:226,THR,0.146992,8,
10,A:192,ARG,0.143153,4,
11,A:224,THR,0.139234,12,
12,A:229,SER,0.138277,11,
13,A:53,SER,0.138222,15,
14,A:228,GLU,0.137895,6,
15,A:193,GLY,0.136641,7,
16,A:189,PRO,0.136526,6,
17,A:223,ASP,0.136520,7,
18,A:57,ASP,0.133862,13,
19,A:230,LEU,0.133372,13,
20,A:20,VAL,0.132954,4,
21,A:24,GLN,0.132663,14,
22,A:21,VAL,0.131988,8,
23,A:56,GLU,0.131968,8,
24,A:7,SER,0.131623,15,
25,A:231,LEU,0.130683,8,
26,A:58,THR,0.129795,14,
27,A:191,ALA,0.129175,3,
28,A:190,SER,0.127915,9,
29,A:232,GLN,0.127164,10,
30,A:107,GLY,0.126951,12,
31,A:59,PRO,0.126436,8,
32,A:61,PHE,0.126230,16,
33,A:60,ARG,0.126186,12,
34,A:33,MET,0.124653,15,
35,A:188,THR,0.124420,3,
36,A:79,VAL,0.123962,10,
37,A:195,LEU,0.121472,14,
38,A:233,ALA,0.120006,14,
39,A:89,ALA,0.119641,14,
40,A:77,TYR,0.119155,12,
41,A:28,VAL,0.118452,15,
42,A:34,VAL,0.117391,15,
43,A:63,GLN,0.117166,7,
44,A:222,LEU,0.116864,11,
45,A:37,PRO,0.116452,19,
46,A:32,PRO,0.115535,10,
47,A:64,LEU,0.115349,9,
48,A:62,GLU,0.115180,12,
49,A:52,ILE,0.114682,16,
50,A:6,LEU,0.113952,12,
51,A:237,ILE,0.113622,13,
52,A:92,ILE,0.113558,10,
53,A:106,LEU,0.112012,12,
54,A:91,ILE,0.111819,11,
55,A:51,ILE,0.111573,17,
56,A:78,ALA,0.111278,11,
57,A:236,PHE,0.110647,11,
58,A:184,ALA,0.110385,14,
59,A:234,SER,0.110355,11,
60,A:65,LEU,0.110144,11,
61,A:187,ILE,0.109531,11,
62,A:27,PRO,0.109322,8,
63,A:36,TYR,0.109140,14,
64,A:197,ILE,0.108787,11,
65,A:240,ILE,0.108639,10,
66,A:5,ILE,0.108085,16,
67,A:104,LEU,0.108038,16,
68,A:235,GLN,0.107785,9,
69,A:199,ASP,0.107573,12,
70,A:4,ILE,0.107391,16,
71,A:93,GLY,0.106858,12,
72,A:183,ILE,0.106683,12,
73,A:50,LEU,0.106423,13,
74,A:35,TYR,0.106393,12,
75,A:159,GLU,0.106143,9,
76,A:105,VAL,0.105793,15,
77,A:181,VAL,0.105612,12,
78,A:200,VAL,0.104976,17,
79,A:66,GLY,0.104654,7,
80,A:29,TYR,0.104264,10,
81,A:96,PHE,0.104139,10,
82,A:31,LYS,0.104038,9,
83,A:97,ILE,0.103999,12,
84,A:220,ALA,0.102608,9,
85,A:75,LEU,0.102428,12,
86,A:180,VAL,0.102313,12,
87,A:198,THR,0.101814,11,
88,A:38,LEU,0.101333,14,
89,A:49,ILE,0.101286,15,
90,A:102,VAL,0.101031,13,
91,A:173,LEU,0.100651,14,
92,A:185,LYS,0.100347,8,
93,A:76,SER,0.100324,10,
94,A:172,GLY,0.100098,10,
95,A:112,TYR,0.099808,11,yes
96,A:239,THR,0.099673,8,
97,A:221,TRP,0.099542,11,
98,A:40,VAL,0.099297,15,
99,A:238,GLU,0.099289,10,
100,A:94,GLU,0.099021,9,
101,A:248,VAL,0.099001,10,yes
102,A:39,SER,0.098113,13,
103,A:41,LEU,0.097917,14,
104,A:186,ASN,0.097703,5,
105,A:219,PHE,0.097673,11,
106,A:203,ALA,0.097520,11,
107,A:46,ILE,0.097488,12,
108,A:95,GLU,0.097273,5,
109,A:103,ALA,0.097121,17,
110,A:182,ASP,0.096832,7,
111,A:98,GLY,0.096820,8,
112,A:246,LEU,0.096802,5,
113,A:3,GLY,0.096413,13,
114,A:67,GLY,0.096197,8,
115,A:171,THR,0.096123,12,
116,A:1,MET,0.096011,12,
117,A:201,ASN,0.095643,14,
118,A:30,ASP,0.095554,9,
119,A:116,PHE,0.094948,13,yes
120,A:202,LYS,0.094859,9,
121,A:249,ALA,0.094598,11,yes
122,A:175,PHE,0.094443,13,
123,A:174,TYR,0.094391,14,
124,A:215,LEU,0.094391,13,
125,A:241,GLU,0.093814,13,
126,A:242,LYS,0.093763,7,
127,A:119,LEU,0.093758,11,
128,A:245,SER,0.093729,5,
129,A:163,GLU,0.093705,5,
130,A:133,PHE,0.093581,15,
131,A:74,SER,0.093554,9,
132,A:113,GLY,0.093391,8,yes
133,A:176,TYR,0.093325,15,
134,A:144,GLY,0.093047,12,
135,A:120,LEU,0.092982,12,
136,A:218,GLY,0.092951,7,
137,A:130,ALA,0.092756,14,
138,A:124,ALA,0.092747,12,
139,A:244,GLN,0.092334,6,
140,A:216,GLY,0.092158,7,
141,A:73,ILE,0.092012,12,
142,A:43,LEU,0.091969,12,yes
143,A:207,LEU,0.091787,9,
144,A:205,LEU,0.091783,11,
145,A:161,PRO,0.091733,11,
146,A:179,ARG,0.091723,11,
147,A:178,ASN,0.091705,11,
148,A:132,ILE,0.091683,16,
149,A:243,ARG,0.091672,6,
150,A:68,GLY,0.091668,10,
151,A:2,LYS,0.091584,13,
152,A:123,ALA,0.091566,13,
153,A:44,ALA,0.091556,14,
154,A:204,TYR,0.091482,15,
155,A:210,LEU,0.091441,13,
156,A:100,ASP,0.091426,8,
157,A:158,GLU,0.091317,11,
158,A:157,ILE,0.090994,14,
159,A:99,ASP,0.090977,4,
160,A:48,ASP,0.090785,8,
161,A:214,LEU,0.090382,10,
162,A:164,PRO,0.090181,9,
163,A:135,TYR,0.089941,12,
164,A:42,MET,0.089822,16,
165,A:251,LEU,0.089747,11,
166,A:170,VAL,0.089656,14,
167,A:115,GLY,0.089656,6,yes
168,A:141,GLN,0.089372,10,
169,A:212,VAL,0.089264,13,
170,A:45,GLY,0.088977,11,
171,A:101,ASN,0.088908,11,
172,A:69,SER,0.088901,7,
173,A:129,GLY,0.088762,12,
174,A:145,VAL,0.088679,17,
175,A:131,THR,0.088591,12,
176,A:206,GLU,0.088428,6,
177,A:117,THR,0.088055,8,yes
178,A:177,ASP,0.088022,10,
179,A:254,ILE,0.087947,13,yes
180,A:146,VAL,0.087713,14,
181,A:154,VAL,0.087604,12,
182,A:160,LYS,0.087596,8,
183,A:134,GLY,0.087566,13,
184,A:208,GLY,0.087547,6,
185,A:128,SER,0.087427,5,
186,A:137,VAL,0.087316,11,
187,A:114,HIS,0.087280,4,yes
188,A:165,LYS,0.087226,8,
189,A:169,ALA,0.087067,13,
190,A:143,PHE,0.086442,9,
191,A:166,SER,0.086339,9,
192,A:168,TYR,0.086322,14,
193,A:155,ILE,0.086236,6,
194,A:47,LYS,0.086005,9,
195,A:125,ASN,0.085842,7,
196,A:156,SER,0.085710,8,
197,A:71,LEU,0.085693,12,
198,A:140,PRO,0.085605,14,
199,A:121,GLN,0.085447,11,
200,A:167,SER,0.085304,6,
201,A:126,ARG,0.085258,12,
202,A:211,HIS,0.085240,11,
203,A:148,PHE,0.085203,11,
204,A:250,CYS,0.085167,13,
205,A:213,GLU,0.085121,11,
206,A:209,GLU,0.085019,8,
207,A:136,ASN,0.084876,8,
208,A:127,LYS,0.084712,5,
209,A:147,GLU,0.084662,11,
210,A:217,ARG,0.084535,4,
211,A:142,ARG,0.084341,7,
212,A:122,ARG,0.084083,10,
213,A:118,GLU,0.084080,7,
214,A:247,LYS,0.083640,9,
215,A:258,MET,0.083612,9,
216,A:139,ASP,0.083481,5,
217,A:72,GLY,0.083270,9,
218,A:138,LYS,0.081888,3,
219,A:255,ALA,0.080411,15,
220,A:260,TYR,0.079906,10,
221,A:261,ILE,0.079488,12,
222,A:259,GLY,0.075355,7,
223,A:278,TYR,0.075334,10,
224,A:253,GLU,0.074635,11,yes
225,A:152,GLY,0.073935,8,
226,A:70,GLU,0.073543,8,
227,A:256,TYR,0.072641,15,
228,A:282,LEU,0.072583,15,
229,A:266,LEU,0.072566,15,
230,A:267,ILE,0.072562,10,
231,A:257,ARG,0.072536,6,yes
232,A:252,GLU,0.071332,13,
233,A:281,TYR,0.070711,11,
234,A:269,LEU,0.070464,13,
235,A:262,SER,0.070246,7,
236,A:283,MET,0.069396,12,
237,A:149,ASP,0.069309,6,
238,A:279,GLY,0.069275,11,
239,A:273,LEU,0.069038,11,
240,A:285,LEU,0.068982,10,
241,A:274,MET,0.068951,9,
242,A:153,LYS,0.068607,7,
243,A:270,ALA,0.068138,14,
244,A:151,LYS,0.067707,4,
245,A:265,GLN,0.067559,10,
246,A:150,GLU,0.067484,3,
247,A:286,ALA,0.067389,11,
248,A:277,GLU,0.066672,5,
249,A:280,GLN,0.065240,11,
250,A:264,GLU,0.065079,6,
251,A:272,PRO,0.064953,5,
252,A:276,ASN,0.064114,7,
253,A:263,ARG,0.063344,7,
254,A:284,ASN,0.063339,8,
255,A:271,GLU,0.063157,8,
256,A:268,LYS,0.063122,7,
257,A:287,HIS,0.062046,5,
258,A:275,LYS,0.060774,3,
259,A:288,ARG,0.059303,4,
