rank,residue,resname,hops_from_start,quantum_at_gamma_100,classical_at_rate_0.01996,quantum_minus_classical,known_allosteric
1,A:29,ASN,1,0.187613,0.187429,0.000184,
2,A:228,MET,2,0.069018,0.068847,0.000171,
3,A:52,VAL,2,0.064791,0.064689,0.000102,
4,A:79,ILE,1,0.149272,0.149183,0.000089,
5,A:71,VAL,2,0.098590,0.098502,0.000088,
6,A:350,LEU,2,0.109485,0.109402,0.000083,
7,A:238,VAL,2,0.055642,0.055574,0.000069,
8,A:347,LEU,2,0.087142,0.087079,0.000063,
9,A:293,LEU,3,0.024035,0.023985,0.000049,
10,A:221,ARG,1,0.064329,0.064284,0.000045,yes
11,A:354,HIS,3,0.048699,0.048658,0.000041,
12,A:123,GLU,3,0.019442,0.019402,0.000040,
13,A:125,TYR,2,0.070045,0.070007,0.000038,
14,A:90,LEU,3,0.022279,0.022244,0.000035,
15,A:93,VAL,3,0.011546,0.011513,0.000033,
16,A:89,ILE,3,0.032962,0.032930,0.000032,
17,A:178,VAL,3,0.013533,0.013501,0.000032,
18,A:320,LEU,2,0.032086,0.032057,0.000030,
19,A:19,ILE,3,0.029015,0.028986,0.000029,
20,A:136,ILE,2,0.134723,0.134695,0.000029,
21,A:122,ASN,3,0.018274,0.018247,0.000028,
22,A:67,THR,3,0.030362,0.030336,0.000026,
23,A:127,TRP,2,0.074479,0.074457,0.000022,
24,A:343,LEU,2,0.075218,0.075197,0.000021,
25,A:94,ILE,4,0.005581,0.005560,0.000021,
26,A:314,SER,3,0.015905,0.015887,0.000018,
27,A:51,SER,2,0.059747,0.059729,0.000018,
28,A:99,CYS,3,0.024531,0.024514,0.000017,
29,A:360,LEU,4,0.006534,0.006518,0.000016,
30,A:356,ALA,3,0.035882,0.035868,0.000013,
31,A:213,ILE,3,0.009466,0.009453,0.000013,
32,A:302,LEU,4,0.005328,0.005315,0.000013,
33,A:243,ILE,3,0.005942,0.005930,0.000012,
34,A:261,LEU,2,0.031300,0.031289,0.000011,
35,A:97,TYR,4,0.006809,0.006798,0.000010,
36,A:95,MET,4,0.004034,0.004023,0.000010,
37,A:309,VAL,4,0.002293,0.002284,0.000010,
38,A:365,VAL,5,0.001760,0.001751,0.000009,
39,A:319,ILE,3,0.015687,0.015678,0.000009,
40,A:326,GLY,3,0.005911,0.005903,0.000009,
41,A:147,LEU,4,0.003385,0.003376,0.000009,
42,A:96,GLY,4,0.004223,0.004214,0.000009,
43,A:86,VAL,2,0.076928,0.076920,0.000008,
44,A:359,ILE,3,0.012627,0.012619,0.000007,
45,A:87,CYS,2,0.045384,0.045378,0.000007,
46,A:224,ALA,2,0.037495,0.037488,0.000007,
47,A:311,TYR,4,0.004772,0.004765,0.000006,
48,A:154,PHE,4,0.001739,0.001733,0.000006,
49,A:259,GLY,3,0.007023,0.007018,0.000006,
50,A:364,GLU,5,0.001937,0.001932,0.000006,
51,A:202,ILE,3,0.005823,0.005818,0.000005,
52,A:245,MET,4,0.001861,0.001855,0.000005,
53,A:325,GLY,3,0.005972,0.005967,0.000005,
54,A:324,LEU,3,0.010526,0.010521,0.000005,
55,A:362,LYS,4,0.003004,0.003000,0.000004,
56,A:61,SER,4,0.004866,0.004862,0.000004,
57,A:291,SER,2,0.036414,0.036410,0.000004,
58,A:298,VAL,3,0.008813,0.008809,0.000004,
59,A:363,PRO,4,0.004752,0.004749,0.000004,
60,A:151,GLY,5,0.000747,0.000744,0.000004,
61,A:256,VAL,5,0.000656,0.000652,0.000003,
62,A:258,ILE,4,0.003141,0.003137,0.000003,
63,A:269,SER,1,0.200129,0.200126,0.000003,
64,A:152,THR,5,0.000669,0.000666,0.000003,
65,A:203,THR,4,0.003107,0.003105,0.000002,
66,A:192,ARG,4,0.002432,0.002429,0.000002,
67,A:306,THR,5,0.001397,0.001395,0.000002,
68,A:327,ARG,4,0.004443,0.004441,0.000002,
69,A:185,PHE,5,0.001225,0.001223,0.000002,
70,A:313,GLU,4,0.007238,0.007236,0.000002,
71,A:65,THR,2,0.037849,0.037847,0.000002,
72,A:257,LYS,4,0.001668,0.001666,0.000002,
73,A:156,VAL,3,0.008807,0.008805,0.000002,
74,A:153,GLU,5,0.000429,0.000428,0.000001,
75,A:191,LYS,5,0.000694,0.000693,0.000001,
76,A:301,ALA,4,0.004193,0.004192,0.000001,
77,A:303,VAL,4,0.008657,0.008655,0.000001,
78,A:195,ILE,4,0.001419,0.001418,0.000001,
79,A:155,SER,4,0.002405,0.002404,0.000001,
80,A:246,LYS,5,0.000485,0.000484,0.000001,
81,A:310,PRO,4,0.004868,0.004867,0.000001,
82,A:144,PHE,3,0.010270,0.010270,0.000001,
83,A:307,PRO,6,0.000234,0.000233,0.000001,
84,A:206,ASN,4,0.003816,0.003815,0.000001,
85,A:247,GLU,5,0.000344,0.000343,0.000001,
86,A:188,PRO,6,0.000157,0.000157,0.000000,
87,A:254,GLU,6,0.000114,0.000113,0.000000,
88,A:255,LEU,5,0.000201,0.000201,0.000000,
89,A:328,THR,3,0.014627,0.014627,0.000000,
90,A:205,HIS,4,0.002039,0.002039,0.000000,
91,A:248,THR,6,0.000068,0.000068,0.000000,
92,A:177,ASP,4,0.003112,0.003112,0.000000,
93,A:189,ARG,5,0.000198,0.000198,0.000000,
94,A:252,GLY,7,0.000016,0.000016,0.000000,
95,A:249,THR,6,0.000041,0.000040,0.000000,
96,A:204,VAL,3,0.008235,0.008235,0.000000,
97,A:253,GLU,6,0.000028,0.000028,0.000000,
98,A:251,ASP,7,0.000006,0.000006,0.000000,
99,A:250,ILE,7,0.000004,0.000004,0.000000,
100,A:176,SER,5,0.000632,0.000632,-0.000000,
101,A:194,VAL,4,0.003393,0.003393,-0.000000,
102,A:308,HIS,5,0.001077,0.001077,-0.000000,
103,A:190,ASN,4,0.001236,0.001236,-0.000001,
104,A:187,ASP,5,0.000797,0.000798,-0.000001,
105,A:148,THR,4,0.002448,0.002449,-0.000001,
106,A:186,ASP,5,0.000805,0.000806,-0.000001,
107,A:292,LEU,2,0.078564,0.078565,-0.000001,
108,A:198,GLY,4,0.002922,0.002923,-0.000001,
109,A:229,ASN,2,0.075699,0.075700,-0.000001,
110,A:143,ILE,3,0.015777,0.015778,-0.000001,
111,A:150,ASN,4,0.001217,0.001218,-0.000001,
112,A:366,ASN,4,0.003699,0.003701,-0.000001,
113,A:58,ALA,4,0.003710,0.003711,-0.000001,
114,A:182,LEU,3,0.006240,0.006242,-0.000001,
115,A:193,GLY,4,0.003333,0.003335,-0.000002,
116,A:60,LYS,4,0.004721,0.004723,-0.000002,
117,A:244,HIS,4,0.002089,0.002091,-0.000002,
118,A:211,TYR,3,0.013563,0.013566,-0.000002,yes
119,A:304,GLU,5,0.002305,0.002308,-0.000003,
120,A:17,LYS,4,0.003216,0.003219,-0.000003,
121,A:116,GLU,1,0.299353,0.299357,-0.000004,yes
122,A:174,PRO,4,0.001222,0.001226,-0.000004,
123,A:312,ARG,4,0.003723,0.003727,-0.000004,
124,A:137,PRO,2,0.121250,0.121255,-0.000004,yes
125,A:184,MET,4,0.004843,0.004848,-0.000004,
126,A:305,ARG,5,0.001639,0.001643,-0.000005,
127,A:149,ASP,4,0.001792,0.001796,-0.000005,
128,A:227,LEU,2,0.038170,0.038175,-0.000005,
129,A:172,LEU,3,0.010149,0.010155,-0.000005,
130,A:175,SER,4,0.002139,0.002144,-0.000005,
131,A:57,LEU,4,0.003409,0.003415,-0.000006,
132,A:169,PHE,3,0.017850,0.017856,-0.000006,
133,A:267,ALA,1,0.142255,0.142262,-0.000006,
134,A:242,THR,3,0.008355,0.008362,-0.000007,
135,A:59,ASP,4,0.006748,0.006755,-0.000007,
136,A:322,ASP,3,0.007621,0.007628,-0.000007,
137,A:209,GLU,4,0.006147,0.006155,-0.000007,
138,A:180,GLU,4,0.005284,0.005292,-0.000007,
139,A:197,LYS,4,0.002229,0.002236,-0.000008,
140,A:317,THR,3,0.013228,0.013236,-0.000008,
141,A:92,GLU,4,0.011246,0.011254,-0.000008,
142,A:46,VAL,3,0.024793,0.024802,-0.000009,
143,A:179,SER,3,0.010965,0.010974,-0.000010,
144,A:226,THR,2,0.026147,0.026158,-0.000010,
145,A:183,GLN,4,0.003099,0.003110,-0.000011,
146,A:133,ALA,1,0.224955,0.224967,-0.000011,yes
147,A:181,ARG,4,0.006128,0.006140,-0.000012,
148,A:35,ALA,3,0.033200,0.033211,-0.000012,
149,A:54,THR,3,0.030721,0.030733,-0.000013,
150,A:208,ASP,4,0.005763,0.005776,-0.000013,
151,A:168,LEU,3,0.012944,0.012957,-0.000013,
152,A:98,ASN,3,0.013774,0.013788,-0.000014,
153,A:62,SER,3,0.013116,0.013129,-0.000014,
154,A:321,GLN,3,0.008028,0.008042,-0.000014,
155,A:358,ASN,4,0.011118,0.011132,-0.000014,
156,A:121,PRO,2,0.062262,0.062276,-0.000014,
157,A:199,LEU,3,0.005747,0.005761,-0.000014,
158,A:196,ILE,3,0.005451,0.005466,-0.000015,
159,A:300,THR,4,0.007488,0.007503,-0.000015,
160,A:164,TYR,2,0.054948,0.054964,-0.000016,
161,A:126,THR,2,0.047352,0.047368,-0.000016,
162,A:91,ASP,3,0.013067,0.013083,-0.000016,
163,A:210,VAL,3,0.023138,0.023155,-0.000017,
164,A:223,THR,2,0.027337,0.027355,-0.000018,
165,A:166,GLU,3,0.019840,0.019858,-0.000018,
166,A:70,MET,2,0.078038,0.078057,-0.000019,
167,A:200,GLU,3,0.004399,0.004418,-0.000019,
168,A:294,THR,3,0.018931,0.018950,-0.000019,
169,A:124,GLU,2,0.054919,0.054939,-0.000019,
170,A:201,GLU,3,0.005225,0.005244,-0.000020,
171,A:361,ASN,3,0.009790,0.009810,-0.000020,
172,A:287,ASN,3,0.017992,0.018012,-0.000020,
173,A:146,LYS,3,0.006497,0.006517,-0.000020,
174,A:55,GLY,3,0.009608,0.009629,-0.000020,
175,A:68,PHE,2,0.071768,0.071788,-0.000020,
176,A:36,SER,3,0.024272,0.024293,-0.000021,
177,A:28,PHE,1,0.184067,0.184089,-0.000021,
178,A:241,VAL,2,0.027006,0.027029,-0.000023,
179,A:260,LYS,3,0.013281,0.013304,-0.000023,
180,A:157,LYS,3,0.006928,0.006952,-0.000024,
181,A:173,ASN,3,0.005487,0.005513,-0.000025,
182,A:63,ARG,3,0.024027,0.024053,-0.000025,
183,A:18,ASN,3,0.012023,0.012049,-0.000026,
184,A:212,GLN,4,0.008371,0.008398,-0.000026,
185,A:56,GLY,3,0.017485,0.017513,-0.000028,
186,A:21,VAL,2,0.069268,0.069297,-0.000029,
187,A:222,THR,2,0.026709,0.026739,-0.000030,
188,A:214,LEU,3,0.027485,0.027515,-0.000030,yes
189,A:145,GLU,3,0.007887,0.007917,-0.000030,
190,A:215,GLU,3,0.009413,0.009443,-0.000031,yes
191,A:158,VAL,2,0.017214,0.017246,-0.000031,
192,A:167,GLU,3,0.017148,0.017179,-0.000031,
193,A:357,LYS,3,0.031122,0.031154,-0.000032,
194,A:289,ASN,2,0.051868,0.051901,-0.000033,
195,A:216,LYS,3,0.009805,0.009839,-0.000033,
196,A:207,LYS,3,0.012591,0.012624,-0.000033,
197,A:48,LYS,3,0.041460,0.041494,-0.000034,
198,A:140,LEU,2,0.036543,0.036577,-0.000034,
199,A:299,ILE,3,0.016807,0.016843,-0.000036,
200,A:323,SER,2,0.022955,0.022992,-0.000037,
201,A:290,GLN,3,0.022833,0.022871,-0.000037,
202,A:41,VAL,1,0.176245,0.176283,-0.000038,
203,A:101,ILE,2,0.099531,0.099570,-0.000039,
204,A:315,LYS,3,0.015638,0.015678,-0.000039,
205,A:85,VAL,2,0.087942,0.087982,-0.000040,
206,A:219,ALA,2,0.016496,0.016536,-0.000040,
207,A:355,ARG,3,0.030976,0.031017,-0.000041,
208,A:318,ARG,3,0.009830,0.009870,-0.000041,
209,A:170,ASP,3,0.009469,0.009510,-0.000041,
210,A:225,ALA,1,0.086730,0.086771,-0.000041,
211,A:264,VAL,1,0.127988,0.128029,-0.000042,
212,A:139,THR,2,0.062739,0.062782,-0.000042,
213,A:100,THR,2,0.045615,0.045658,-0.000043,
214,A:297,ARG,3,0.010157,0.010200,-0.000043,
215,A:329,ARG,3,0.018628,0.018671,-0.000044,
216,A:115,MET,1,0.266421,0.266465,-0.000044,
217,A:47,ARG,3,0.028064,0.028110,-0.000046,
218,A:165,ASN,2,0.032500,0.032546,-0.000047,
219,A:237,SER,1,0.141103,0.141150,-0.000047,
220,A:296,GLY,3,0.023099,0.023148,-0.000049,
221,A:295,LEU,2,0.032562,0.032612,-0.000050,
222,A:171,LEU,2,0.019622,0.019672,-0.000050,
223,A:316,LEU,2,0.039075,0.039127,-0.000052,
224,A:34,LYS,3,0.025847,0.025899,-0.000053,
225,A:88,PRO,3,0.032689,0.032743,-0.000054,
226,A:271,ASN,1,0.140733,0.140788,-0.000055,
227,A:64,LYS,3,0.038080,0.038136,-0.000056,
228,A:163,ILE,2,0.043930,0.043986,-0.000056,
229,A:240,SER,2,0.031341,0.031398,-0.000057,
230,A:218,ALA,2,0.016437,0.016494,-0.000057,yes
231,A:159,SER,2,0.015525,0.015582,-0.000057,
232,A:220,LYS,2,0.017176,0.017235,-0.000059,
233,A:340,SER,2,0.056664,0.056726,-0.000062,
234,A:40,ILE,2,0.075368,0.075431,-0.000062,
235,A:37,ALA,2,0.071497,0.071562,-0.000065,
236,A:129,GLU,2,0.061567,0.061632,-0.000065,
237,A:161,LEU,2,0.026035,0.026101,-0.000065,
238,A:330,THR,2,0.037570,0.037635,-0.000065,
239,A:160,LEU,2,0.032701,0.032766,-0.000066,
240,A:217,GLY,2,0.016132,0.016200,-0.000068,
241,A:272,ILE,2,0.039440,0.039512,-0.000072,
242,A:332,ILE,2,0.106699,0.106772,-0.000072,
243,A:142,GLN,2,0.026645,0.026719,-0.000074,
244,A:38,HIS,3,0.042413,0.042489,-0.000076,
245,A:288,ILE,2,0.042498,0.042575,-0.000077,
246,A:31,ALA,2,0.043916,0.043995,-0.000079,
247,A:50,VAL,1,0.114435,0.114516,-0.000081,
248,A:44,ASP,2,0.055516,0.055597,-0.000081,
249,A:353,ALA,2,0.093046,0.093128,-0.000083,
250,A:30,LEU,2,0.045183,0.045266,-0.000083,
251,A:344,GLU,2,0.088589,0.088675,-0.000086,
252,A:231,TYR,1,0.141083,0.141171,-0.000088,
253,A:345,GLU,1,0.191140,0.191229,-0.000089,
254,A:352,TYR,2,0.093791,0.093881,-0.000089,
255,A:128,GLU,2,0.040518,0.040610,-0.000093,
256,A:75,SER,1,0.319892,0.319985,-0.000093,
257,A:162,GLU,2,0.048517,0.048612,-0.000095,
258,A:141,HIS,2,0.033457,0.033553,-0.000095,
259,A:346,THR,1,0.154626,0.154722,-0.000096,
260,A:236,HIS,1,0.101018,0.101116,-0.000098,
261,A:262,ASN,2,0.044668,0.044768,-0.000100,
262,A:84,SER,2,0.092944,0.093049,-0.000105,
263,A:348,SER,1,0.139798,0.139905,-0.000107,
264,A:66,TYR,2,0.056991,0.057099,-0.000108,
265,A:49,GLU,2,0.053080,0.053189,-0.000109,
266,A:69,ASP,2,0.043902,0.044012,-0.000111,
267,A:268,GLY,1,0.287480,0.287603,-0.000123,
268,A:235,SER,1,0.145379,0.145502,-0.000123,
269,A:53,ARG,2,0.043903,0.044029,-0.000127,
270,A:42,GLU,2,0.069490,0.069622,-0.000132,
271,A:230,ALA,1,0.180092,0.180226,-0.000134,
272,A:39,SER,2,0.085479,0.085615,-0.000136,
273,A:43,CYS,1,0.157961,0.158097,-0.000136,
274,A:120,SER,1,0.173390,0.173532,-0.000142,
275,A:33,ARG,2,0.056433,0.056576,-0.000143,
276,A:102,PHE,1,0.130952,0.131096,-0.000144,
277,A:32,GLU,2,0.063824,0.063971,-0.000146,
278,A:234,ARG,1,0.126263,0.126409,-0.000147,
279,A:131,PRO,1,0.174844,0.174995,-0.000151,
280,A:45,PRO,2,0.081386,0.081539,-0.000153,
281,A:20,GLN,2,0.049309,0.049466,-0.000157,
282,A:341,LEU,2,0.079280,0.079437,-0.000157,
283,A:82,TYR,1,0.128127,0.128284,-0.000157,
284,A:331,SER,2,0.065561,0.065723,-0.000162,
285,A:270,GLU,1,0.256117,0.256284,-0.000167,
286,A:263,LEU,1,0.101054,0.101237,-0.000184,
287,A:138,ARG,1,0.119744,0.119929,-0.000185,
288,A:339,ALA,2,0.102157,0.102349,-0.000192,
289,A:239,PHE,1,0.093151,0.093344,-0.000193,
290,A:351,GLU,2,0.076227,0.076428,-0.000201,
291,A:73,GLY,1,0.262103,0.262305,-0.000202,
292,A:135,ILE,1,0.171986,0.172204,-0.000217,
293,A:266,LEU,1,0.202140,0.202363,-0.000223,
294,A:336,ILE,1,0.306458,0.306684,-0.000226,
295,A:72,PHE,1,0.200124,0.200353,-0.000229,
296,A:22,VAL,1,0.121839,0.122100,-0.000261,
297,A:134,GLY,1,0.259949,0.260215,-0.000266,
298,A:130,ASP,1,0.149929,0.150196,-0.000266,yes
299,A:334,ALA,1,0.208809,0.209083,-0.000274,
300,A:103,ALA,1,0.314954,0.315233,-0.000279,
301,A:77,LYS,1,0.218188,0.218486,-0.000298,
302,A:349,THR,1,0.230581,0.230880,-0.000299,
303,A:342,ASN,1,0.151660,0.151971,-0.000311,
304,A:337,SER,1,0.308777,0.309089,-0.000312,
305,A:83,ARG,2,0.091086,0.091399,-0.000314,
306,A:81,VAL,1,0.216381,0.216707,-0.000326,
307,A:80,ASP,1,0.182943,0.183276,-0.000333,
308,A:117,GLY,1,0.331981,0.332323,-0.000342,yes
309,A:333,ILE,1,0.237562,0.237915,-0.000353,
310,A:23,VAL,1,0.181911,0.182264,-0.000353,
311,A:338,PRO,1,0.261819,0.262199,-0.000381,
312,A:104,TYR,1,0.233600,0.234019,-0.000419,
313,A:119,ARG,1,0.187064,0.187543,-0.000479,yes
