rank,residue,resname,hops_from_start,quantum_at_gamma_100,classical_at_rate_0.01995,quantum_minus_classical,known_allosteric
1,A:215,LEU,1,0.166100,0.165867,0.000233,
2,A:107,MET,1,0.186375,0.186238,0.000137,yes
3,A:63,ALA,1,0.318342,0.318212,0.000130,
4,A:55,ILE,2,0.072385,0.072265,0.000120,
5,A:108,SER,2,0.168867,0.168756,0.000111,yes
6,A:211,VAL,2,0.047454,0.047351,0.000102,
7,A:179,ALA,2,0.080827,0.080733,0.000094,
8,A:79,VAL,2,0.094599,0.094508,0.000091,
9,A:133,ILE,2,0.033623,0.033540,0.000083,
10,A:121,ILE,2,0.033966,0.033890,0.000076,
11,A:115,ILE,2,0.047650,0.047582,0.000068,
12,A:150,SER,2,0.092046,0.091983,0.000063,
13,A:6,ILE,3,0.016986,0.016928,0.000058,
14,A:175,ALA,1,0.147397,0.147343,0.000054,
15,A:154,VAL,3,0.024168,0.024115,0.000052,
16,A:188,PHE,2,0.077708,0.077657,0.000050,
17,A:152,ILE,3,0.027682,0.027633,0.000049,
18,A:181,VAL,2,0.074260,0.074214,0.000047,
19,A:184,SER,3,0.036120,0.036076,0.000044,
20,A:165,ALA,2,0.056483,0.056440,0.000043,
21,A:85,ILE,2,0.057448,0.057406,0.000041,
22,A:53,LEU,2,0.031511,0.031472,0.000039,
23,A:118,GLY,3,0.016743,0.016704,0.000039,
24,A:200,ILE,1,0.118036,0.117998,0.000038,
25,A:128,ALA,3,0.023751,0.023713,0.000037,
26,A:185,LYS,3,0.016343,0.016306,0.000037,
27,A:113,ILE,1,0.110193,0.110158,0.000035,
28,A:247,LEU,2,0.032535,0.032501,0.000034,yes
29,A:127,LEU,2,0.036666,0.036632,0.000034,
30,A:124,ALA,2,0.041916,0.041883,0.000033,
31,A:229,ALA,4,0.011187,0.011154,0.000032,
32,A:246,LEU,3,0.010533,0.010501,0.000032,
33,A:81,GLY,2,0.057162,0.057130,0.000032,
34,A:47,VAL,3,0.009303,0.009272,0.000031,
35,A:230,LEU,3,0.019984,0.019954,0.000031,
36,A:49,ILE,4,0.005394,0.005366,0.000028,
37,A:120,PRO,3,0.013381,0.013354,0.000027,
38,A:131,THR,3,0.011152,0.011126,0.000026,
39,A:160,SER,2,0.037378,0.037353,0.000025,
40,A:37,VAL,2,0.033578,0.033553,0.000025,
41,A:234,VAL,2,0.028580,0.028555,0.000025,
42,A:156,GLU,3,0.033618,0.033594,0.000024,
43,A:151,LYS,3,0.040742,0.040717,0.000024,
44,A:213,GLY,2,0.113422,0.113399,0.000023,
45,A:126,ASP,3,0.017049,0.017026,0.000023,
46,A:134,ALA,2,0.062120,0.062098,0.000023,
47,A:233,ALA,3,0.011773,0.011751,0.000022,
48,A:92,ILE,1,0.257720,0.257699,0.000021,yes
49,A:236,LEU,3,0.012949,0.012929,0.000021,
50,A:8,VAL,2,0.046110,0.046090,0.000020,
51,A:186,GLY,2,0.033311,0.033290,0.000020,
52,A:7,VAL,2,0.035763,0.035744,0.000020,
53,A:5,THR,3,0.009061,0.009043,0.000018,
54,A:70,ILE,2,0.087431,0.087413,0.000018,
55,A:44,ALA,3,0.008789,0.008773,0.000015,
56,A:259,GLY,3,0.017230,0.017219,0.000011,
57,A:68,THR,3,0.030493,0.030482,0.000011,
58,A:237,ALA,3,0.014036,0.014025,0.000010,
59,A:209,MET,2,0.050463,0.050454,0.000010,
60,A:132,GLU,3,0.009116,0.009107,0.000009,
61,A:241,LEU,2,0.019028,0.019020,0.000008,
62,A:245,GLY,3,0.009579,0.009571,0.000008,
63,A:119,THR,2,0.027438,0.027431,0.000007,
64,A:250,LEU,3,0.017527,0.017520,0.000007,
65,A:28,GLY,3,0.006445,0.006438,0.000007,
66,A:50,LYS,4,0.006420,0.006414,0.000007,
67,A:93,THR,1,0.268944,0.268938,0.000006,
68,A:130,GLN,3,0.012272,0.012267,0.000006,
69,A:26,LEU,4,0.002589,0.002583,0.000006,
70,A:153,ALA,3,0.019332,0.019327,0.000005,
71,A:4,ARG,4,0.003864,0.003860,0.000004,
72,A:129,LYS,3,0.010749,0.010745,0.000004,
73,A:78,LEU,1,0.106300,0.106297,0.000003,
74,A:125,GLU,3,0.016300,0.016298,0.000002,
75,A:24,GLU,5,0.000990,0.000989,0.000001,
76,A:48,ARG,4,0.003470,0.003469,0.000001,
77,A:27,GLU,4,0.001904,0.001904,0.000001,
78,A:46,HIS,3,0.008399,0.008398,0.000001,
79,A:261,CYS,3,0.018620,0.018619,0.000001,
80,A:146,PHE,1,0.274274,0.274274,-0.000000,
81,A:22,ASN,4,0.001814,0.001815,-0.000001,
82,A:256,TYR,3,0.017019,0.017020,-0.000001,
83,A:43,ILE,2,0.022498,0.022499,-0.000001,
84,A:41,TYR,3,0.014367,0.014369,-0.000002,
85,A:161,TYR,2,0.041439,0.041441,-0.000002,
86,A:257,ASP,3,0.013029,0.013031,-0.000002,
87,A:23,HIS,4,0.004672,0.004674,-0.000002,
88,A:21,LYS,4,0.003426,0.003428,-0.000003,
89,A:30,GLU,4,0.005078,0.005081,-0.000003,
90,A:31,ARG,4,0.005893,0.005897,-0.000004,
91,A:25,GLN,4,0.001737,0.001741,-0.000004,
92,A:201,GLU,2,0.067252,0.067256,-0.000004,
93,A:67,GLU,3,0.024519,0.024524,-0.000005,
94,A:166,GLU,3,0.022786,0.022790,-0.000005,
95,A:71,TRP,1,0.163315,0.163320,-0.000005,
96,A:51,TYR,3,0.017524,0.017530,-0.000006,
97,A:122,GLU,3,0.022754,0.022760,-0.000006,
98,A:164,SER,2,0.033940,0.033946,-0.000006,
99,A:123,SER,2,0.032424,0.032431,-0.000006,
100,A:189,ALA,1,0.094832,0.094838,-0.000007,
101,A:106,PHE,1,0.098681,0.098690,-0.000009,yes
102,A:206,CYS,3,0.019980,0.019990,-0.000010,
103,A:244,GLN,3,0.007108,0.007117,-0.000010,
104,A:155,TYR,2,0.068389,0.068400,-0.000010,
105,A:45,LYS,3,0.006367,0.006378,-0.000011,
106,A:260,GLU,3,0.014199,0.014211,-0.000012,
107,A:80,TYR,2,0.078505,0.078517,-0.000012,
108,A:231,GLY,3,0.025475,0.025487,-0.000012,
109,A:258,LYS,3,0.019616,0.019629,-0.000013,
110,A:29,ASN,3,0.012933,0.012946,-0.000014,
111,A:157,LYS,3,0.028874,0.028888,-0.000014,
112,A:239,LEU,3,0.017815,0.017831,-0.000016,yes
113,A:228,SER,3,0.027354,0.027370,-0.000017,
114,A:243,GLU,3,0.007766,0.007784,-0.000018,
115,A:249,LYS,3,0.011707,0.011725,-0.000018,
116,A:32,TYR,3,0.022862,0.022880,-0.000018,
117,A:158,MET,2,0.054984,0.055003,-0.000019,
118,A:248,ASP,3,0.011177,0.011196,-0.000019,
119,A:54,SER,2,0.052004,0.052023,-0.000019,
120,A:217,SER,2,0.141821,0.141840,-0.000019,yes
121,A:20,LYS,3,0.009210,0.009231,-0.000020,
122,A:204,LYS,3,0.009913,0.009934,-0.000021,
123,A:42,GLU,3,0.012835,0.012857,-0.000021,
124,A:205,PRO,3,0.012761,0.012783,-0.000022,
125,A:159,TRP,2,0.068536,0.068558,-0.000022,
126,A:232,ASN,3,0.011882,0.011905,-0.000023,
127,A:187,LYS,3,0.024604,0.024628,-0.000024,
128,A:52,LYS,3,0.016737,0.016763,-0.000025,
129,A:238,VAL,2,0.042425,0.042452,-0.000026,
130,A:19,TYR,3,0.016812,0.016840,-0.000028,
131,A:117,LYS,3,0.022653,0.022681,-0.000028,
132,A:202,GLN,2,0.043863,0.043892,-0.000028,
133,A:227,GLY,3,0.027308,0.027337,-0.000028,
134,A:87,VAL,2,0.064301,0.064330,-0.000029,
135,A:116,LYS,3,0.030386,0.030415,-0.000029,
136,A:178,VAL,1,0.125774,0.125804,-0.000029,
137,A:207,ASP,3,0.018461,0.018490,-0.000029,
138,A:252,ASN,3,0.015369,0.015399,-0.000030,
139,A:170,PHE,1,0.260696,0.260727,-0.000031,
140,A:40,ALA,2,0.030118,0.030149,-0.000032,
141,A:39,LEU,2,0.035182,0.035214,-0.000032,
142,A:84,ASP,2,0.033825,0.033858,-0.000033,
143,A:17,VAL,2,0.071513,0.071547,-0.000033,
144,A:103,SER,2,0.077110,0.077144,-0.000034,
145,A:255,TRP,2,0.048561,0.048600,-0.000038,
146,A:240,LYS,3,0.011170,0.011212,-0.000042,
147,A:34,GLY,2,0.038696,0.038739,-0.000043,
148,A:167,PRO,2,0.035903,0.035949,-0.000045,
149,A:183,LYS,3,0.034995,0.035040,-0.000045,
150,A:56,VAL,1,0.131772,0.131817,-0.000046,
151,A:224,THR,2,0.062981,0.063028,-0.000048,
152,A:190,PHE,1,0.188099,0.188147,-0.000048,
153,A:253,LYS,3,0.018050,0.018098,-0.000048,
154,A:251,LYS,2,0.030474,0.030527,-0.000054,
155,A:210,LYS,2,0.109943,0.109999,-0.000056,
156,A:203,ARG,2,0.033111,0.033167,-0.000056,
157,A:212,GLY,2,0.079496,0.079552,-0.000056,
158,A:66,PRO,2,0.038464,0.038521,-0.000057,
159,A:33,GLU,3,0.022913,0.022974,-0.000062,
160,A:225,PRO,2,0.051580,0.051642,-0.000063,
161,A:147,PHE,1,0.239741,0.239805,-0.000064,
162,A:13,GLU,1,0.181879,0.181945,-0.000066,
163,A:105,PRO,1,0.163086,0.163152,-0.000066,yes
164,A:168,SER,2,0.063938,0.064006,-0.000068,
165,A:163,LYS,2,0.051983,0.052054,-0.000071,
166,A:235,ASN,2,0.028652,0.028724,-0.000072,
167,A:57,GLY,2,0.086526,0.086599,-0.000073,
168,A:222,VAL,1,0.094441,0.094517,-0.000076,
169,A:242,ASN,2,0.019125,0.019205,-0.000080,yes
170,A:254,TRP,2,0.034044,0.034124,-0.000080,
171,A:38,ASP,2,0.025179,0.025259,-0.000081,
172,A:14,SER,1,0.117859,0.117940,-0.000081,
173,A:169,VAL,1,0.130367,0.130453,-0.000086,
174,A:18,MET,2,0.052031,0.052121,-0.000089,
175,A:15,PRO,2,0.047425,0.047522,-0.000097,
176,A:172,LYS,2,0.145775,0.145878,-0.000103,
177,A:82,ARG,2,0.069145,0.069248,-0.000104,
178,A:86,ALA,1,0.131789,0.131893,-0.000104,
179,A:69,LYS,2,0.043366,0.043470,-0.000104,
180,A:35,TYR,2,0.036413,0.036519,-0.000106,
181,A:182,ARG,2,0.042578,0.042688,-0.000110,
182,A:65,ASP,2,0.092397,0.092508,-0.000111,
183,A:208,THR,2,0.062220,0.062338,-0.000118,
184,A:135,TYR,1,0.105123,0.105246,-0.000123,
185,A:195,THR,1,0.246729,0.246857,-0.000128,
186,A:9,THR,1,0.108201,0.108331,-0.000130,
187,A:110,GLY,1,0.230073,0.230204,-0.000131,
188,A:83,ALA,1,0.079462,0.079602,-0.000139,
189,A:114,MET,1,0.152826,0.152968,-0.000142,
190,A:10,THR,1,0.097083,0.097225,-0.000142,
191,A:177,GLY,1,0.199291,0.199435,-0.000143,
192,A:12,LEU,2,0.077697,0.077842,-0.000146,
193,A:199,TYR,1,0.112561,0.112710,-0.000149,
194,A:102,PHE,1,0.153418,0.153568,-0.000150,
195,A:36,CYS,1,0.091910,0.092064,-0.000154,
196,A:162,MET,1,0.117134,0.117290,-0.000156,
197,A:94,LEU,1,0.156203,0.156361,-0.000158,
198,A:101,ASP,2,0.066370,0.066536,-0.000166,
199,A:176,ASP,1,0.152033,0.152209,-0.000175,
200,A:180,ARG,2,0.092581,0.092761,-0.000180,
201,A:100,ILE,1,0.118604,0.118787,-0.000183,
202,A:226,LYS,2,0.052287,0.052472,-0.000185,
203,A:104,LYS,2,0.072910,0.073103,-0.000193,yes
204,A:219,GLY,1,0.223973,0.224167,-0.000194,yes
205,A:88,ALA,1,0.189339,0.189538,-0.000199,
206,A:171,THR,1,0.236783,0.236986,-0.000203,
207,A:75,VAL,1,0.228077,0.228285,-0.000208,
208,A:198,GLU,1,0.141171,0.141384,-0.000213,
209,A:99,VAL,1,0.136545,0.136759,-0.000214,
210,A:72,ASN,1,0.221918,0.222136,-0.000218,
211,A:59,GLY,2,0.124969,0.125189,-0.000220,
212,A:76,GLY,1,0.161246,0.161469,-0.000223,
213,A:136,GLY,1,0.169486,0.169710,-0.000224,
214,A:149,ARG,2,0.135549,0.135777,-0.000228,
215,A:58,ASP,2,0.129009,0.129239,-0.000231,
216,A:221,GLY,1,0.189673,0.189905,-0.000232,
217,A:109,LEU,1,0.304593,0.304839,-0.000246,
218,A:148,ARG,1,0.175821,0.176067,-0.000246,
219,A:218,LYS,1,0.242412,0.242659,-0.000247,yes
220,A:95,VAL,1,0.169602,0.169858,-0.000255,
221,A:73,GLY,1,0.231635,0.231891,-0.000256,
222,A:16,TYR,1,0.103062,0.103332,-0.000271,
223,A:223,ALA,1,0.158750,0.159023,-0.000273,
224,A:173,THR,1,0.207813,0.208094,-0.000281,
225,A:64,ARG,1,0.138466,0.138762,-0.000296,
226,A:77,GLU,1,0.120806,0.121118,-0.000312,
227,A:197,ASN,1,0.202496,0.202819,-0.000323,
228,A:97,GLU,1,0.154343,0.154686,-0.000343,
229,A:112,SER,1,0.233693,0.234045,-0.000352,
230,A:145,GLU,1,0.322846,0.323211,-0.000365,
231,A:11,ILE,1,0.184650,0.185031,-0.000381,
232,A:214,ASN,1,0.184052,0.184451,-0.000399,
233,A:194,SER,1,0.261797,0.262200,-0.000404,
234,A:98,GLU,1,0.139205,0.139628,-0.000423,
235,A:60,LYS,1,0.301979,0.302467,-0.000488,
236,A:216,ASP,1,0.189048,0.189557,-0.000509,
237,A:400,GLU,1,0.495901,0.496444,-0.000543,
238,A:139,ASP,1,0.369961,0.370568,-0.000607,
