rank,residue,resname,hops_from_start,quantum_at_gamma_0,classical_at_rate_0.1597,quantum_minus_classical,known_allosteric
1,A:94,ARG,1,0.370759,0.225715,0.145044,
2,A:117,ASN,1,0.274163,0.137163,0.137000,
3,A:255,LYS,1,0.223630,0.090379,0.133251,
4,A:261,ARG,2,0.206596,0.081999,0.124598,
5,A:251,GLY,1,0.179998,0.105326,0.074673,
6,A:252,MET,2,0.145387,0.077165,0.068222,
7,A:265,GLN,3,0.142047,0.074029,0.068017,
8,A:92,GLU,1,0.289679,0.225904,0.063774,
9,A:125,ASN,3,0.142763,0.082875,0.059889,
10,A:250,GLY,2,0.140312,0.081561,0.058751,
11,A:249,ALA,2,0.126579,0.070264,0.056316,
12,A:215,THR,2,0.125212,0.077755,0.047458,
13,A:27,LEU,4,0.069997,0.027532,0.042464,
14,A:119,ASN,2,0.158791,0.118866,0.039925,
15,A:20,VAL,6,0.048801,0.011343,0.037458,
16,A:282,LEU,3,0.096991,0.061328,0.035663,
17,A:30,ILE,4,0.073098,0.039474,0.033624,
18,A:285,ILE,2,0.092988,0.060076,0.032912,yes
19,A:238,GLY,4,0.086205,0.053482,0.032723,
20,A:257,LYS,2,0.113922,0.081453,0.032469,
21,A:200,GLY,1,0.132428,0.100946,0.031481,
22,A:22,ILE,5,0.045081,0.013712,0.031369,
23,A:29,PHE,3,0.069646,0.038404,0.031242,
24,A:201,GLU,2,0.137361,0.106702,0.030658,
25,A:297,GLY,3,0.093231,0.062695,0.030537,
26,A:171,VAL,3,0.107293,0.077703,0.029590,
27,A:217,VAL,3,0.090639,0.061894,0.028745,
28,A:219,GLY,3,0.087723,0.059072,0.028651,
29,A:66,VAL,4,0.084717,0.056474,0.028243,
30,A:68,LEU,3,0.088149,0.060906,0.027243,
31,A:272,ILE,2,0.096883,0.069733,0.027150,
32,A:260,ILE,2,0.097699,0.071467,0.026232,
33,A:62,LEU,3,0.089948,0.064117,0.025830,
34,A:85,LYS,1,0.223648,0.198135,0.025513,
35,A:63,LEU,3,0.089727,0.064301,0.025426,
36,A:259,CYS,2,0.103575,0.078453,0.025121,
37,A:231,ILE,4,0.075878,0.051075,0.024804,
38,A:115,LYS,1,0.180964,0.157365,0.023599,
39,A:149,ASN,1,0.231054,0.207486,0.023568,
40,A:50,PRO,3,0.102038,0.078759,0.023279,
41,A:262,SER,2,0.103422,0.080753,0.022669,
42,A:220,ILE,3,0.081054,0.058593,0.022461,
43,A:263,LEU,2,0.092664,0.070301,0.022363,
44,A:234,ILE,4,0.077154,0.055447,0.021707,
45,A:170,LEU,3,0.103233,0.081547,0.021686,
46,A:236,ILE,3,0.080754,0.059479,0.021275,
47,A:248,VAL,3,0.082547,0.061725,0.020822,
48,A:33,PHE,3,0.079328,0.058588,0.020739,yes
49,A:246,GLY,3,0.075363,0.054663,0.020700,
50,A:204,ALA,2,0.106144,0.085736,0.020408,
51,A:176,ILE,2,0.102686,0.082699,0.019987,
52,A:296,THR,3,0.078485,0.059576,0.018910,
53,A:266,GLY,3,0.090160,0.071416,0.018744,
54,A:286,MET,3,0.066334,0.047695,0.018638,
55,A:206,LEU,2,0.103444,0.085302,0.018143,
56,A:61,VAL,3,0.088850,0.071078,0.017771,
57,A:221,LEU,4,0.067026,0.049697,0.017329,
58,A:254,PRO,1,0.131471,0.114634,0.016837,
59,A:202,LEU,2,0.116529,0.100158,0.016372,
60,A:281,LEU,2,0.085923,0.069680,0.016243,
61,A:291,ALA,3,0.077856,0.062889,0.014967,yes
62,A:65,CYS,4,0.076810,0.062081,0.014730,
63,A:229,SER,5,0.058628,0.044408,0.014221,
64,A:106,GLU,1,0.201427,0.187275,0.014152,
65,A:23,LEU,5,0.028201,0.014139,0.014062,
66,A:294,MET,3,0.072713,0.058654,0.014059,yes
67,A:264,ALA,3,0.083023,0.069089,0.013934,
68,A:38,ILE,2,0.085483,0.071840,0.013643,
69,A:275,GLY,2,0.096117,0.083174,0.012942,
70,A:207,GLY,3,0.089700,0.077151,0.012549,
71,A:67,GLY,4,0.068698,0.056397,0.012301,
72,A:208,ALA,2,0.090531,0.078335,0.012197,
73,A:60,LEU,2,0.087177,0.075080,0.012097,
74,A:56,VAL,2,0.092553,0.080583,0.011970,
75,A:273,ILE,2,0.080223,0.068395,0.011828,
76,A:295,ILE,3,0.075017,0.063333,0.011684,
77,A:44,GLY,1,0.124467,0.113097,0.011370,
78,A:37,THR,2,0.085588,0.074308,0.011280,
79,A:212,ILE,1,0.090531,0.079318,0.011213,
80,A:239,VAL,3,0.070880,0.059696,0.011184,
81,A:230,LEU,4,0.061307,0.050296,0.011011,
82,A:71,ILE,2,0.100792,0.089994,0.010798,
83,A:269,THR,2,0.077741,0.066975,0.010766,
84,A:267,VAL,2,0.086466,0.075839,0.010627,
85,A:86,GLN,2,0.200264,0.189955,0.010308,
86,A:55,SER,3,0.083269,0.073115,0.010154,
87,A:256,VAL,2,0.083344,0.073675,0.009670,
88,A:57,VAL,2,0.087242,0.078334,0.008907,
89,A:42,TYR,1,0.126162,0.117354,0.008808,
90,A:270,ALA,2,0.083571,0.074868,0.008702,
91,A:218,ALA,3,0.062151,0.054006,0.008145,
92,A:271,SER,2,0.073820,0.066288,0.007532,
93,A:52,LEU,2,0.091418,0.084091,0.007327,
94,A:126,ALA,3,0.087455,0.080384,0.007071,
95,A:228,SER,5,0.048733,0.041886,0.006846,
96,A:54,SER,3,0.083807,0.077105,0.006701,
97,A:242,MET,3,0.061461,0.055393,0.006068,
98,A:209,GLU,3,0.074605,0.068629,0.005976,
99,A:64,ALA,3,0.071860,0.066589,0.005271,
100,A:213,LEU,1,0.095753,0.090543,0.005210,
101,A:28,PRO,4,0.037280,0.032231,0.005050,
102,A:290,GLY,3,0.061660,0.056700,0.004960,yes
103,A:292,GLY,3,0.063669,0.059040,0.004629,yes
104,A:24,SER,5,0.020738,0.016162,0.004576,
105,A:243,ILE,3,0.063607,0.059138,0.004469,
106,A:174,GLY,3,0.078529,0.074537,0.003992,
107,A:35,GLY,3,0.062847,0.058976,0.003870,
108,A:214,LEU,1,0.094150,0.090286,0.003864,
109,A:58,SER,3,0.074628,0.070999,0.003630,
110,A:36,LYS,3,0.067684,0.064135,0.003548,
111,A:124,ILE,2,0.087938,0.084627,0.003312,
112,A:211,LEU,1,0.087049,0.083970,0.003079,
113,A:127,ALA,3,0.079191,0.076302,0.002889,
114,A:47,MET,1,0.128966,0.126469,0.002497,
115,A:142,LEU,1,0.133213,0.131094,0.002119,
116,A:26,SER,4,0.027950,0.026097,0.001853,
117,A:129,ALA,3,0.076944,0.075172,0.001772,
118,A:287,SER,3,0.053017,0.051863,0.001153,yes
119,A:158,GLU,1,0.162251,0.162299,-0.000048,
120,A:49,SER,2,0.091882,0.091989,-0.000107,
121,A:232,LYS,4,0.052604,0.052902,-0.000298,yes
122,A:45,ALA,2,0.097108,0.097422,-0.000313,
123,A:293,THR,3,0.057113,0.057631,-0.000518,
124,A:48,THR,2,0.112547,0.113442,-0.000895,
125,A:118,LYS,2,0.127332,0.128245,-0.000912,
126,A:244,GLU,4,0.050880,0.051796,-0.000916,
127,A:241,LYS,4,0.051060,0.052529,-0.001469,
128,A:43,GLY,1,0.127618,0.129153,-0.001535,
129,A:288,ASP,4,0.047258,0.049795,-0.002537,yes
130,A:18,TYR,6,0.007585,0.010144,-0.002558,
131,A:223,ASN,4,0.041281,0.044156,-0.002875,
132,A:280,SER,2,0.067800,0.070916,-0.003116,
133,A:123,LEU,2,0.084290,0.088250,-0.003960,
134,A:237,LYS,4,0.047676,0.051819,-0.004144,
135,A:17,ASP,7,0.004521,0.009478,-0.004957,
136,A:203,ALA,2,0.080861,0.085843,-0.004982,
137,A:21,GLU,6,0.006875,0.011929,-0.005054,
138,A:179,ILE,1,0.116692,0.122211,-0.005519,
139,A:122,SER,2,0.091112,0.096680,-0.005568,
140,A:240,LYS,3,0.049048,0.055226,-0.006178,
141,A:40,VAL,1,0.086635,0.092824,-0.006189,
142,A:46,ALA,2,0.089450,0.095690,-0.006240,
143,A:268,LYS,3,0.060732,0.066977,-0.006246,
144,A:70,PRO,2,0.068781,0.075227,-0.006446,
145,A:128,GLY,3,0.069008,0.075533,-0.006525,
146,A:130,THR,3,0.073286,0.079825,-0.006539,
147,A:258,CYS,1,0.096757,0.103389,-0.006632,
148,A:175,TYR,3,0.074073,0.080751,-0.006678,
149,A:19,ARG,6,0.003752,0.010687,-0.006934,
150,A:162,VAL,2,0.103035,0.110401,-0.007366,
151,A:253,ILE,2,0.071947,0.079604,-0.007657,
152,A:235,ASP,4,0.047884,0.055939,-0.008055,
153,A:199,ALA,1,0.105452,0.114570,-0.009118,
154,A:25,GLU,5,0.007685,0.016818,-0.009133,
155,A:283,HIS,3,0.050315,0.059881,-0.009567,
156,A:72,LEU,1,0.091972,0.101816,-0.009844,
157,A:227,PRO,4,0.036836,0.046809,-0.009973,
158,A:279,HIS,3,0.055730,0.065856,-0.010125,
159,A:289,GLU,4,0.042219,0.053038,-0.010819,yes
160,A:132,VAL,2,0.081812,0.092808,-0.010997,
161,A:274,ASP,2,0.057602,0.068811,-0.011209,
162,A:166,VAL,3,0.087713,0.099055,-0.011342,
163,A:107,ILE,1,0.181915,0.193297,-0.011382,
164,A:159,VAL,1,0.130916,0.142410,-0.011494,
165,A:139,GLY,2,0.100107,0.112639,-0.012532,
166,A:167,LEU,3,0.075865,0.088596,-0.012730,
167,A:233,GLU,4,0.041326,0.054401,-0.013075,
168,A:113,VAL,1,0.144589,0.157901,-0.013312,
169,A:131,ALA,2,0.077900,0.091439,-0.013539,
170,A:180,ALA,1,0.131534,0.145264,-0.013730,
171,A:39,VAL,1,0.077533,0.091437,-0.013903,
172,A:210,LYS,2,0.057793,0.071736,-0.013943,yes
173,A:284,GLU,2,0.046580,0.060757,-0.014177,yes
174,A:197,THR,1,0.130125,0.144392,-0.014266,
175,A:133,GLY,2,0.099149,0.114167,-0.015018,
176,A:1000,ARG,3,0.039751,0.054915,-0.015164,
177,A:73,VAL,1,0.110671,0.125888,-0.015217,
178,A:225,GLU,4,0.027237,0.042562,-0.015325,
179,A:121,VAL,2,0.086340,0.102625,-0.016285,
180,A:31,GLN,4,0.018818,0.035467,-0.016649,
181,A:278,GLN,3,0.053093,0.069786,-0.016693,
182,A:138,ASP,2,0.100905,0.117893,-0.016988,
183,A:226,ASP,5,0.024484,0.042221,-0.017737,
184,A:152,GLN,2,0.186212,0.203962,-0.017750,
185,A:141,LEU,2,0.099114,0.117071,-0.017957,
186,A:120,LEU,1,0.092593,0.110600,-0.018008,
187,A:173,TYR,4,0.055631,0.074399,-0.018768,
188,A:205,ALA,3,0.073818,0.092659,-0.018841,
189,A:245,ASP,4,0.032143,0.051155,-0.019012,
190,A:135,SER,1,0.122492,0.142063,-0.019571,
191,A:32,LYS,4,0.020163,0.039770,-0.019607,
192,A:186,ASP,3,0.116712,0.136536,-0.019824,
193,A:140,ARG,2,0.097875,0.118227,-0.020352,
194,A:198,VAL,1,0.118613,0.138977,-0.020364,
195,A:134,LEU,2,0.094019,0.114668,-0.020649,
196,A:88,ASN,2,0.167564,0.188284,-0.020720,
197,A:222,GLU,5,0.023986,0.045608,-0.021622,
198,A:178,VAL,1,0.086882,0.109137,-0.022255,
199,A:165,SER,3,0.071552,0.094135,-0.022583,
200,A:145,ARG,2,0.133952,0.157366,-0.023413,
201,A:116,VAL,1,0.130744,0.154333,-0.023589,
202,A:169,PRO,4,0.055822,0.079518,-0.023696,
203,A:247,LYS,4,0.026708,0.050639,-0.023930,
204,A:172,ASP,4,0.050810,0.074771,-0.023961,
205,A:276,ARG,3,0.054104,0.078463,-0.024359,
206,A:143,THR,2,0.109601,0.134051,-0.024449,
207,A:224,LYS,3,0.025858,0.050351,-0.024493,
208,A:34,ARG,4,0.024259,0.049583,-0.025323,
209,A:150,SER,1,0.168199,0.193632,-0.025433,
210,A:164,PRO,3,0.069399,0.095674,-0.026275,
211,A:78,PRO,1,0.152376,0.178695,-0.026319,
212,A:183,ALA,1,0.124395,0.150756,-0.026362,
213,A:146,PRO,1,0.148601,0.175298,-0.026697,
214,A:136,GLY,1,0.106533,0.134051,-0.027519,
215,A:79,ASP,1,0.165444,0.193305,-0.027861,
216,A:82,ARG,1,0.170053,0.198134,-0.028081,
217,A:51,GLU,3,0.046106,0.076959,-0.030853,
218,A:163,ASP,2,0.078310,0.109444,-0.031134,
219,A:161,ARG,2,0.092691,0.123852,-0.031160,
220,A:59,ASP,3,0.037586,0.068788,-0.031202,
221,A:114,GLY,1,0.125490,0.157699,-0.032209,
222,A:177,PRO,2,0.061601,0.094201,-0.032600,
223,A:148,PRO,2,0.146765,0.180846,-0.034081,
224,A:83,TYR,1,0.161983,0.196066,-0.034083,
225,A:69,ARG,3,0.033407,0.067618,-0.034211,
226,A:101,ASP,1,0.163595,0.199107,-0.035513,
227,A:277,ARG,3,0.032009,0.067656,-0.035646,
228,A:216,ASP,2,0.044063,0.080085,-0.036022,
229,A:191,TYR,1,0.139359,0.175887,-0.036529,
230,A:189,GLN,2,0.118344,0.154949,-0.036605,
231,A:157,GLY,1,0.139772,0.177496,-0.037724,
232,A:104,THR,1,0.165499,0.204142,-0.038643,
233,A:90,PRO,1,0.165125,0.203918,-0.038793,
234,A:53,LYS,2,0.045562,0.084560,-0.038998,
235,A:184,ALA,2,0.105751,0.145514,-0.039763,
236,A:185,ASP,2,0.107760,0.148237,-0.040477,
237,A:91,ALA,1,0.179680,0.221302,-0.041622,
238,A:109,SER,1,0.135183,0.177747,-0.042565,
239,A:182,VAL,1,0.125222,0.167848,-0.042625,
240,A:190,ALA,1,0.124981,0.167815,-0.042834,
241,A:155,PHE,1,0.149686,0.192746,-0.043060,
242,A:160,ALA,2,0.098677,0.142036,-0.043359,
243,A:102,ALA,2,0.143725,0.189261,-0.045536,
244,A:168,ARG,4,0.037534,0.083476,-0.045942,
245,A:154,GLY,1,0.155348,0.201705,-0.046357,
246,A:144,ALA,1,0.106188,0.153948,-0.047760,
247,A:187,SER,3,0.089985,0.139951,-0.049966,
248,A:147,VAL,1,0.140389,0.190564,-0.050175,
249,A:137,HIS,2,0.083766,0.134405,-0.050639,
250,A:84,LEU,1,0.149236,0.201126,-0.051890,
251,A:111,VAL,1,0.132335,0.186125,-0.053790,
252,A:87,LEU,2,0.135636,0.189614,-0.053978,
253,A:105,MET,1,0.139373,0.193603,-0.054230,
254,A:110,MET,1,0.124862,0.179346,-0.054483,
255,A:151,ALA,2,0.141302,0.197405,-0.056103,
256,A:188,GLY,2,0.087057,0.143942,-0.056886,
257,A:89,ILE,2,0.134865,0.192070,-0.057205,
258,A:95,ASP,1,0.174916,0.232392,-0.057476,
259,A:153,LEU,1,0.145864,0.211719,-0.065855,
260,A:103,THR,2,0.123578,0.189670,-0.066092,
261,A:99,VAL,1,0.153777,0.221391,-0.067613,
