rank,residue,resname,signal_from_active_site_at_gamma_0,contacts,known_allosteric
1,A:94,ARG,0.370759,9,
2,A:92,GLU,0.289679,6,
3,A:117,ASN,0.274163,14,
4,A:149,ASN,0.231054,10,
5,A:85,LYS,0.223648,10,
6,A:255,LYS,0.223630,12,
7,A:261,ARG,0.206596,11,
8,A:106,GLU,0.201427,9,
9,A:86,GLN,0.200264,6,
10,A:152,GLN,0.186212,7,
11,A:107,ILE,0.181915,13,
12,A:115,LYS,0.180964,9,
13,A:251,GLY,0.179998,7,
14,A:91,ALA,0.179680,8,
15,A:95,ASP,0.174916,5,
16,A:82,ARG,0.170053,8,
17,A:150,SER,0.168199,11,
18,A:88,ASN,0.167564,5,
19,A:104,THR,0.165499,13,
20,A:79,ASP,0.165444,10,
21,A:90,PRO,0.165125,7,
22,A:101,ASP,0.163595,8,
23,A:158,GLU,0.162251,10,
24,A:83,TYR,0.161983,11,
25,A:119,ASN,0.158791,8,
26,A:154,GLY,0.155348,10,
27,A:99,VAL,0.153777,12,
28,A:78,PRO,0.152376,9,
29,A:155,PHE,0.149686,13,
30,A:84,LEU,0.149236,12,
31,A:146,PRO,0.148601,10,
32,A:148,PRO,0.146765,4,
33,A:153,LEU,0.145864,13,
34,A:252,MET,0.145387,12,
35,A:113,VAL,0.144589,11,
36,A:102,ALA,0.143725,6,
37,A:125,ASN,0.142763,10,
38,A:265,GLN,0.142047,8,
39,A:151,ALA,0.141302,5,
40,A:147,VAL,0.140389,10,
41,A:250,GLY,0.140312,6,
42,A:157,GLY,0.139772,14,
43,A:105,MET,0.139373,13,
44,A:191,TYR,0.139359,16,
45,A:201,GLU,0.137361,13,
46,A:87,LEU,0.135636,7,
47,A:109,SER,0.135183,11,
48,A:89,ILE,0.134865,8,
49,A:145,ARG,0.133952,10,
50,A:142,LEU,0.133213,14,
51,A:200,GLY,0.132428,17,
52,A:111,VAL,0.132335,14,
53,A:180,ALA,0.131534,14,
54,A:254,PRO,0.131471,11,
55,A:159,VAL,0.130916,14,
56,A:116,VAL,0.130744,15,
57,A:197,THR,0.130125,12,
58,A:47,MET,0.128966,14,
59,A:43,GLY,0.127618,12,
60,A:118,LYS,0.127332,10,
61,A:249,ALA,0.126579,7,
62,A:42,TYR,0.126162,12,
63,A:114,GLY,0.125490,8,
64,A:182,VAL,0.125222,14,
65,A:215,THR,0.125212,12,
66,A:190,ALA,0.124981,12,
67,A:110,MET,0.124862,10,
68,A:44,GLY,0.124467,11,
69,A:183,ALA,0.124395,15,
70,A:103,THR,0.123578,7,
71,A:135,SER,0.122492,15,
72,A:198,VAL,0.118613,16,
73,A:189,GLN,0.118344,7,
74,A:186,ASP,0.116712,5,
75,A:179,ILE,0.116692,16,
76,A:202,LEU,0.116529,15,
77,A:257,LYS,0.113922,9,
78,A:48,THR,0.112547,6,
79,A:73,VAL,0.110671,15,
80,A:143,THR,0.109601,13,
81,A:185,ASP,0.107760,11,
82,A:171,VAL,0.107293,10,
83,A:136,GLY,0.106533,15,
84,A:144,ALA,0.106188,13,
85,A:204,ALA,0.106144,14,
86,A:184,ALA,0.105751,12,
87,A:199,ALA,0.105452,16,
88,A:259,CYS,0.103575,15,
89,A:206,LEU,0.103444,11,
90,A:262,SER,0.103422,16,
91,A:170,LEU,0.103233,11,
92,A:162,VAL,0.103035,11,
93,A:176,ILE,0.102686,15,
94,A:50,PRO,0.102038,5,
95,A:138,ASP,0.100905,9,
96,A:71,ILE,0.100792,16,
97,A:139,GLY,0.100107,9,
98,A:133,GLY,0.099149,13,
99,A:141,LEU,0.099114,15,
100,A:160,ALA,0.098677,7,
101,A:140,ARG,0.097875,9,
102,A:260,ILE,0.097699,12,
103,A:45,ALA,0.097108,10,
104,A:282,LEU,0.096991,10,
105,A:272,ILE,0.096883,14,
106,A:258,CYS,0.096757,14,
107,A:275,GLY,0.096117,14,
108,A:213,LEU,0.095753,14,
109,A:214,LEU,0.094150,15,
110,A:134,LEU,0.094019,12,
111,A:297,GLY,0.093231,9,
112,A:285,ILE,0.092988,13,yes
113,A:161,ARG,0.092691,6,
114,A:263,LEU,0.092664,15,
115,A:120,LEU,0.092593,15,
116,A:56,VAL,0.092553,14,
117,A:72,LEU,0.091972,13,
118,A:49,SER,0.091882,8,
119,A:52,LEU,0.091418,13,
120,A:122,SER,0.091112,8,
121,A:217,VAL,0.090639,8,
122,A:208,ALA,0.090531,16,
123,A:212,ILE,0.090531,14,
124,A:266,GLY,0.090160,9,
125,A:187,SER,0.089985,5,
126,A:62,LEU,0.089948,9,
127,A:63,LEU,0.089727,14,
128,A:207,GLY,0.089700,10,
129,A:46,ALA,0.089450,14,
130,A:61,VAL,0.088850,13,
131,A:68,LEU,0.088149,12,
132,A:124,ILE,0.087938,16,
133,A:219,GLY,0.087723,12,
134,A:166,VAL,0.087713,12,
135,A:126,ALA,0.087455,6,
136,A:57,VAL,0.087242,12,
137,A:60,LEU,0.087177,15,
138,A:188,GLY,0.087057,6,
139,A:211,LEU,0.087049,16,
140,A:178,VAL,0.086882,16,
141,A:40,VAL,0.086635,14,
142,A:267,VAL,0.086466,15,
143,A:121,VAL,0.086340,12,
144,A:238,GLY,0.086205,8,
145,A:281,LEU,0.085923,16,
146,A:37,THR,0.085588,13,
147,A:38,ILE,0.085483,15,
148,A:66,VAL,0.084717,7,
149,A:123,LEU,0.084290,11,
150,A:54,SER,0.083807,10,
151,A:137,HIS,0.083766,11,
152,A:270,ALA,0.083571,15,
153,A:256,VAL,0.083344,15,
154,A:55,SER,0.083269,12,
155,A:264,ALA,0.083023,8,
156,A:248,VAL,0.082547,13,
157,A:132,VAL,0.081812,10,
158,A:220,ILE,0.081054,13,
159,A:203,ALA,0.080861,16,
160,A:236,ILE,0.080754,11,
161,A:273,ILE,0.080223,18,
162,A:33,PHE,0.079328,9,yes
163,A:127,ALA,0.079191,10,
164,A:174,GLY,0.078529,8,
165,A:296,THR,0.078485,10,
166,A:163,ASP,0.078310,11,
167,A:131,ALA,0.077900,13,
168,A:291,ALA,0.077856,13,yes
169,A:269,THR,0.077741,12,
170,A:39,VAL,0.077533,15,
171,A:234,ILE,0.077154,11,
172,A:129,ALA,0.076944,11,
173,A:65,CYS,0.076810,7,
174,A:231,ILE,0.075878,10,
175,A:167,LEU,0.075865,11,
176,A:246,GLY,0.075363,7,
177,A:295,ILE,0.075017,17,
178,A:58,SER,0.074628,10,
179,A:209,GLU,0.074605,10,
180,A:175,TYR,0.074073,9,
181,A:271,SER,0.073820,16,
182,A:205,ALA,0.073818,9,
183,A:130,THR,0.073286,9,
184,A:30,ILE,0.073098,10,
185,A:294,MET,0.072713,12,yes
186,A:253,ILE,0.071947,10,
187,A:64,ALA,0.071860,13,
188,A:165,SER,0.071552,6,
189,A:239,VAL,0.070880,14,
190,A:27,LEU,0.069997,7,
191,A:29,PHE,0.069646,9,
192,A:164,PRO,0.069399,10,
193,A:128,GLY,0.069008,7,
194,A:70,PRO,0.068781,11,
195,A:67,GLY,0.068698,9,
196,A:280,SER,0.067800,17,
197,A:36,LYS,0.067684,10,
198,A:221,LEU,0.067026,14,
199,A:286,MET,0.066334,8,
200,A:292,GLY,0.063669,14,yes
201,A:243,ILE,0.063607,12,
202,A:35,GLY,0.062847,7,
203,A:218,ALA,0.062151,7,
204,A:290,GLY,0.061660,12,yes
205,A:177,PRO,0.061601,13,
206,A:242,MET,0.061461,13,
207,A:230,LEU,0.061307,12,
208,A:268,LYS,0.060732,8,
209,A:229,SER,0.058628,8,
210,A:210,LYS,0.057793,16,yes
211,A:274,ASP,0.057602,13,
212,A:293,THR,0.057113,13,
213,A:169,PRO,0.055822,7,
214,A:279,HIS,0.055730,9,
215,A:173,TYR,0.055631,6,
216,A:276,ARG,0.054104,8,
217,A:278,GLN,0.053093,6,
218,A:287,SER,0.053017,9,yes
219,A:232,LYS,0.052604,8,yes
220,A:241,LYS,0.051060,8,
221,A:244,GLU,0.050880,6,
222,A:172,ASP,0.050810,6,
223,A:283,HIS,0.050315,13,
224,A:240,LYS,0.049048,9,
225,A:20,VAL,0.048801,7,
226,A:228,SER,0.048733,4,
227,A:235,ASP,0.047884,8,
228,A:237,LYS,0.047676,5,
229,A:288,ASP,0.047258,4,yes
230,A:284,GLU,0.046580,14,yes
231,A:51,GLU,0.046106,7,
232,A:53,LYS,0.045562,11,
233,A:22,ILE,0.045081,8,
234,A:216,ASP,0.044063,7,
235,A:289,GLU,0.042219,7,yes
236,A:233,GLU,0.041326,7,
237,A:223,ASN,0.041281,7,
238,A:1000,ARG,0.039751,8,
239,A:59,ASP,0.037586,12,
240,A:168,ARG,0.037534,8,
241,A:28,PRO,0.037280,6,
242,A:227,PRO,0.036836,7,
243,A:69,ARG,0.033407,10,
244,A:245,ASP,0.032143,6,
245,A:277,ARG,0.032009,9,
246,A:23,LEU,0.028201,7,
247,A:26,SER,0.027950,9,
248,A:225,GLU,0.027237,4,
249,A:247,LYS,0.026708,8,
250,A:224,LYS,0.025858,6,
251,A:226,ASP,0.024484,6,
252,A:34,ARG,0.024259,8,
253,A:222,GLU,0.023986,6,
254,A:24,SER,0.020738,7,
255,A:32,LYS,0.020163,6,
256,A:31,GLN,0.018818,6,
257,A:25,GLU,0.007685,6,
258,A:18,TYR,0.007585,5,
259,A:21,GLU,0.006875,8,
260,A:17,ASP,0.004521,4,
261,A:19,ARG,0.003752,6,
