rank,residue,resname,hops_from_start,quantum_at_gamma_0.03162,classical_at_rate_0.1423,quantum_minus_classical,known_allosteric
1,A:232,THR,3,0.127800,0.078913,0.048887,
2,A:81,GLY,2,0.156319,0.113365,0.042954,
3,A:49,ILE,4,0.114530,0.072048,0.042482,
4,A:10,THR,1,0.151866,0.109429,0.042437,
5,A:224,THR,2,0.145507,0.103643,0.041864,
6,A:231,GLY,3,0.130049,0.088239,0.041810,
7,A:54,SER,2,0.142504,0.102973,0.039530,
8,A:44,ALA,3,0.111187,0.072561,0.038626,
9,A:247,LEU,2,0.120849,0.083213,0.037636,
10,A:6,ILE,3,0.117371,0.080591,0.036779,
11,A:80,TYR,2,0.158017,0.121758,0.036260,
12,A:148,ARG,1,0.186364,0.150726,0.035638,
13,A:121,ILE,2,0.137220,0.102112,0.035108,
14,A:51,TYR,3,0.115184,0.080624,0.034561,
15,A:26,LEU,4,0.086515,0.052225,0.034291,
16,A:16,TYR,1,0.142269,0.109239,0.033029,
17,A:233,PRO,3,0.110061,0.077558,0.032503,
18,A:41,TYR,3,0.108628,0.076322,0.032306,
19,A:246,ILE,3,0.105040,0.072919,0.032121,
20,A:211,VAL,2,0.140328,0.108616,0.031712,
21,A:28,GLY,3,0.093822,0.062646,0.031177,
22,A:85,ILE,2,0.130518,0.099405,0.031113,
23,A:57,GLY,2,0.160208,0.129218,0.030990,
24,A:228,SER,3,0.123543,0.092982,0.030561,
25,A:47,VAL,3,0.103402,0.073152,0.030250,
26,A:241,LEU,2,0.105201,0.077164,0.028038,
27,A:43,ILE,2,0.106773,0.079774,0.027000,
28,A:242,SER,2,0.105529,0.078890,0.026640,
29,A:229,ALA,4,0.107975,0.081597,0.026378,
30,A:127,LEU,2,0.129578,0.103530,0.026048,
31,A:164,SER,2,0.135772,0.110913,0.024859,
32,A:154,VAL,2,0.131204,0.106683,0.024521,
33,A:9,THR,1,0.140291,0.115826,0.024466,
34,A:250,LEU,3,0.101791,0.077576,0.024215,
35,A:5,THR,3,0.099254,0.075075,0.024179,
36,A:156,GLU,2,0.136770,0.113070,0.023700,
37,A:115,ILE,2,0.130364,0.106723,0.023641,
38,A:221,GLY,1,0.152503,0.128940,0.023563,
39,A:149,ARG,2,0.169200,0.145787,0.023412,
40,A:113,ILE,1,0.145126,0.121865,0.023261,
41,A:8,VAL,2,0.117675,0.094984,0.022690,
42,A:71,TRP,1,0.166242,0.144495,0.021747,
43,A:160,SER,2,0.133807,0.113047,0.020760,
44,A:101,ASP,2,0.128590,0.108490,0.020100,
45,A:103,SER,2,0.125071,0.105210,0.019861,
46,A:133,ILE,2,0.120704,0.101065,0.019639,
47,A:39,LEU,2,0.105022,0.085451,0.019571,
48,A:189,ALA,1,0.136157,0.116827,0.019330,
49,A:40,ALA,2,0.103584,0.084808,0.018776,
50,A:68,THR,3,0.137755,0.119061,0.018693,
51,A:64,ARG,1,0.163351,0.144710,0.018642,
52,A:254,TRP,2,0.103620,0.085021,0.018599,
53,A:152,ILE,3,0.129789,0.111346,0.018443,
54,A:105,PRO,1,0.153132,0.134721,0.018410,yes
55,A:245,GLY,3,0.090204,0.071949,0.018255,
56,A:255,TRP,2,0.104607,0.086551,0.018056,
57,A:218,LYS,1,0.181656,0.163823,0.017833,yes
58,A:237,ALA,3,0.094142,0.076352,0.017790,
59,A:15,PRO,2,0.112000,0.094406,0.017593,
60,A:86,ALA,1,0.138230,0.120758,0.017472,
61,A:7,VAL,2,0.112457,0.095235,0.017222,
62,A:234,VAL,2,0.102558,0.085419,0.017139,
63,A:236,LEU,3,0.093759,0.076638,0.017120,
64,A:256,TYR,3,0.095712,0.078627,0.017086,
65,A:227,GLY,3,0.111301,0.094284,0.017017,
66,A:165,ALA,2,0.133170,0.116199,0.016970,
67,A:230,LEU,3,0.100066,0.083337,0.016729,
68,A:239,LEU,3,0.093878,0.078006,0.015873,
69,A:76,GLY,1,0.154308,0.139008,0.015300,
70,A:128,ALA,2,0.115268,0.100808,0.014459,
71,A:34,GLY,2,0.102009,0.087579,0.014430,
72,A:181,VAL,2,0.130652,0.116344,0.014308,
73,A:93,THR,1,0.184174,0.169868,0.014306,
74,A:124,ALA,2,0.123203,0.108913,0.014290,
75,A:219,GLY,1,0.168841,0.154708,0.014133,yes
76,A:162,MET,1,0.143142,0.129837,0.013306,
77,A:161,TYR,2,0.124329,0.111248,0.013080,
78,A:261,CYS,3,0.098283,0.085346,0.012937,
79,A:66,PRO,2,0.134914,0.122024,0.012890,
80,A:53,LEU,2,0.097184,0.084499,0.012685,
81,A:259,GLY,3,0.093149,0.080899,0.012250,
82,A:73,GLY,1,0.167453,0.155621,0.011832,
83,A:37,VAL,2,0.097828,0.086263,0.011565,
84,A:206,CYS,3,0.100171,0.088982,0.011189,
85,A:169,VAL,1,0.143098,0.132029,0.011069,
86,A:163,LYS,2,0.128289,0.117805,0.010483,
87,A:190,PHE,1,0.150558,0.140317,0.010241,
88,A:108,SER,2,0.158278,0.148052,0.010226,yes
89,A:65,ASP,2,0.143427,0.133609,0.009818,
90,A:123,SER,2,0.112881,0.103365,0.009515,
91,A:87,VAL,2,0.108781,0.099290,0.009491,
92,A:19,TYR,3,0.079201,0.069854,0.009347,
93,A:35,TYR,2,0.094715,0.085872,0.008843,
94,A:59,GLY,2,0.143011,0.134299,0.008712,
95,A:209,MET,2,0.116292,0.108027,0.008265,
96,A:32,TYR,3,0.080895,0.073565,0.007330,
97,A:188,PHE,2,0.124007,0.116770,0.007237,
98,A:153,ALA,3,0.113544,0.106686,0.006858,
99,A:168,SER,2,0.126334,0.119722,0.006612,
100,A:159,TRP,2,0.128965,0.122359,0.006606,
101,A:215,LEU,1,0.152772,0.146293,0.006480,
102,A:158,MET,1,0.125161,0.119294,0.005867,
103,A:78,LEU,1,0.126306,0.120454,0.005852,
104,A:13,GLU,1,0.142802,0.137291,0.005510,
105,A:72,ASN,1,0.160866,0.155466,0.005400,
106,A:18,MET,2,0.094063,0.088685,0.005378,
107,A:238,VAL,2,0.093131,0.087766,0.005364,
108,A:120,PRO,3,0.098712,0.093355,0.005358,
109,A:118,GLY,3,0.100574,0.096039,0.004534,
110,A:179,ALA,2,0.127795,0.123364,0.004431,
111,A:167,PRO,2,0.115516,0.111324,0.004192,
112,A:135,TYR,1,0.126684,0.122559,0.004125,
113,A:33,GLU,3,0.081972,0.078536,0.003437,
114,A:14,SER,1,0.126676,0.123513,0.003164,
115,A:119,THR,2,0.103194,0.100076,0.003118,
116,A:202,GLN,2,0.095962,0.092916,0.003045,
117,A:225,PRO,2,0.108024,0.105478,0.002547,
118,A:151,LYS,3,0.120268,0.117836,0.002432,
119,A:106,PHE,1,0.108846,0.106437,0.002409,yes
120,A:112,SER,1,0.153899,0.151723,0.002176,
121,A:213,GLY,2,0.131837,0.129670,0.002167,
122,A:134,ALA,2,0.115224,0.113378,0.001847,
123,A:200,ILE,1,0.119732,0.119226,0.000506,
124,A:222,VAL,1,0.106848,0.106366,0.000482,
125,A:36,CYS,1,0.102347,0.102029,0.000318,
126,A:173,THR,1,0.155574,0.155527,0.000047,
127,A:157,LYS,2,0.109042,0.109566,-0.000524,
128,A:107,MET,1,0.134294,0.135696,-0.001403,yes
129,A:46,HIS,3,0.070637,0.072196,-0.001560,
130,A:155,TYR,2,0.120729,0.122595,-0.001866,
131,A:83,ALA,1,0.108619,0.110492,-0.001873,
132,A:199,TYR,1,0.112068,0.114290,-0.002222,
133,A:212,GLY,2,0.117602,0.120011,-0.002410,
134,A:88,ALA,1,0.133117,0.135630,-0.002514,
135,A:244,GLN,3,0.067101,0.070110,-0.003009,
136,A:114,MET,1,0.127603,0.130925,-0.003322,
137,A:248,ASP,3,0.069963,0.073387,-0.003424,
138,A:27,GLU,4,0.049686,0.053543,-0.003856,
139,A:205,PRO,3,0.083231,0.087325,-0.004094,
140,A:23,HIS,4,0.050153,0.054347,-0.004193,
141,A:235,ASN,2,0.080758,0.085070,-0.004312,
142,A:22,ASN,4,0.043622,0.048396,-0.004774,
143,A:63,ALA,1,0.168238,0.173388,-0.005150,
144,A:55,ILE,2,0.107403,0.112746,-0.005344,
145,A:186,GLY,2,0.097498,0.102938,-0.005440,
146,A:197,ASN,1,0.134308,0.140334,-0.006026,
147,A:257,ASP,3,0.070365,0.077090,-0.006725,
148,A:258,LYS,3,0.072509,0.079439,-0.006930,
149,A:178,VAL,1,0.122978,0.129950,-0.006972,
150,A:45,LYS,3,0.062870,0.070181,-0.007312,
151,A:84,ASP,2,0.084622,0.092089,-0.007467,
152,A:177,GLY,1,0.139022,0.146672,-0.007649,
153,A:171,THR,1,0.149609,0.157306,-0.007697,
154,A:175,ALA,1,0.132204,0.139956,-0.007752,
155,A:79,VAL,2,0.116721,0.125219,-0.008498,
156,A:223,ALA,1,0.119365,0.127965,-0.008600,
157,A:252,ASN,3,0.067534,0.076412,-0.008879,
158,A:150,SER,2,0.121949,0.131056,-0.009107,
159,A:17,VAL,2,0.093873,0.103192,-0.009319,
160,A:24,GLU,5,0.035322,0.044846,-0.009524,
161,A:25,GLN,5,0.035322,0.044846,-0.009524,
162,A:30,GLU,4,0.049113,0.059128,-0.010015,
163,A:260,GLU,3,0.071671,0.082001,-0.010330,
164,A:21,LYS,4,0.041969,0.053233,-0.011264,
165,A:249,LYS,3,0.062382,0.073905,-0.011523,
166,A:204,LYS,3,0.070040,0.081620,-0.011580,
167,A:131,THR,3,0.078494,0.090935,-0.012441,
168,A:184,SER,3,0.093652,0.106137,-0.012485,
169,A:69,LYS,2,0.110303,0.123174,-0.012871,
170,A:253,LYS,3,0.065155,0.078079,-0.012924,
171,A:102,PHE,1,0.115490,0.128448,-0.012958,
172,A:240,LYS,3,0.060706,0.073665,-0.012959,
173,A:195,THR,1,0.142251,0.155301,-0.013050,
174,A:136,GLY,1,0.124359,0.138240,-0.013881,
175,A:29,ASN,3,0.055624,0.070554,-0.014930,
176,A:217,SER,2,0.135715,0.151042,-0.015327,yes
177,A:38,ASP,2,0.066063,0.081461,-0.015398,
178,A:170,PHE,1,0.146200,0.161620,-0.015419,
179,A:100,ILE,1,0.109246,0.125059,-0.015812,
180,A:12,LEU,2,0.093934,0.109795,-0.015861,
181,A:243,GLU,3,0.054829,0.070830,-0.016001,
182,A:201,GLU,2,0.090415,0.106426,-0.016011,
183,A:58,ASP,2,0.124332,0.140771,-0.016439,
184,A:214,ASN,1,0.133771,0.150527,-0.016756,
185,A:210,LYS,2,0.105518,0.122798,-0.017280,
186,A:98,GLU,1,0.129425,0.146865,-0.017440,
187,A:166,GLU,3,0.089303,0.107084,-0.017781,
188,A:56,VAL,1,0.112097,0.129953,-0.017856,
189,A:208,THR,2,0.092456,0.110404,-0.017948,
190,A:194,SER,1,0.137896,0.156179,-0.018284,
191,A:110,GLY,1,0.139809,0.159256,-0.019447,
192,A:126,ASP,3,0.076942,0.096497,-0.019555,
193,A:129,LYS,3,0.072044,0.092217,-0.020173,
194,A:70,ILE,2,0.112607,0.132893,-0.020286,
195,A:198,GLU,1,0.104262,0.124548,-0.020286,
196,A:60,LYS,1,0.147185,0.167793,-0.020608,
197,A:67,GLU,3,0.096073,0.116846,-0.020773,
198,A:97,GLU,1,0.121782,0.142846,-0.021064,
199,A:130,GLN,3,0.070915,0.092063,-0.021148,
200,A:226,LYS,2,0.083497,0.105869,-0.022373,
201,A:42,GLU,3,0.052516,0.074935,-0.022420,
202,A:251,LYS,2,0.059350,0.082640,-0.023290,
203,A:48,ARG,4,0.043685,0.067092,-0.023407,
204,A:147,PHE,1,0.133548,0.157356,-0.023808,
205,A:77,GLU,1,0.099245,0.123120,-0.023874,
206,A:52,LYS,3,0.055485,0.079427,-0.023942,
207,A:104,LYS,2,0.076768,0.100837,-0.024068,
208,A:4,ARG,4,0.042963,0.067627,-0.024664,
209,A:146,PHE,1,0.142863,0.168104,-0.025241,
210,A:75,VAL,1,0.123147,0.148956,-0.025810,
211,A:109,LEU,1,0.138276,0.164891,-0.026615,
212,A:31,ARG,3,0.033809,0.061956,-0.028147,
213,A:20,LYS,3,0.033418,0.061756,-0.028338,
214,A:145,GLU,1,0.150752,0.179202,-0.028450,
215,A:207,ASP,3,0.065979,0.094683,-0.028704,
216,A:132,GLU,3,0.059167,0.088658,-0.029491,
217,A:172,LYS,2,0.123704,0.153261,-0.029557,
218,A:216,ASP,1,0.128343,0.158144,-0.029801,
219,A:11,ILE,1,0.104254,0.134506,-0.030251,
220,A:125,GLU,3,0.067229,0.097521,-0.030293,
221,A:50,LYS,4,0.041383,0.071880,-0.030497,
222,A:122,GLU,3,0.069764,0.100315,-0.030551,
223,A:92,ILE,1,0.125649,0.157802,-0.032153,
224,A:82,ARG,2,0.080106,0.114046,-0.033941,
225,A:203,ARG,2,0.057089,0.091221,-0.034133,
226,A:185,LYS,3,0.062579,0.098210,-0.035632,
227,A:187,LYS,3,0.059722,0.099733,-0.040011,
228,A:139,ASP,1,0.144946,0.186039,-0.041093,
229,A:99,VAL,1,0.096089,0.137902,-0.041813,
230,A:117,LYS,3,0.056630,0.098670,-0.042039,
231,A:400,GLU,1,0.156534,0.200665,-0.044131,
232,A:183,LYS,3,0.061860,0.107839,-0.045979,
233,A:95,VAL,1,0.105989,0.152753,-0.046764,
234,A:116,LYS,2,0.053109,0.103279,-0.050170,
235,A:176,ASP,1,0.092154,0.143056,-0.050902,
236,A:180,ARG,2,0.070695,0.124228,-0.053533,
237,A:94,LEU,1,0.097857,0.152180,-0.054323,
238,A:182,ARG,2,0.048581,0.107508,-0.058927,
