rank,residue,resname,signal_from_active_site_at_gamma_0.03162,contacts,known_allosteric
1,A:148,ARG,0.186364,8,
2,A:93,THR,0.184174,9,
3,A:218,LYS,0.181656,11,yes
4,A:149,ARG,0.169200,6,
5,A:219,GLY,0.168841,11,yes
6,A:63,ALA,0.168238,13,
7,A:73,GLY,0.167453,15,
8,A:71,TRP,0.166242,12,
9,A:64,ARG,0.163351,9,
10,A:72,ASN,0.160866,12,
11,A:57,GLY,0.160208,5,
12,A:108,SER,0.158278,7,yes
13,A:80,TYR,0.158017,7,
14,A:400,GLU,0.156534,11,
15,A:81,GLY,0.156319,7,
16,A:173,THR,0.155574,8,
17,A:76,GLY,0.154308,12,
18,A:112,SER,0.153899,14,
19,A:105,PRO,0.153132,11,yes
20,A:215,LEU,0.152772,9,
21,A:221,GLY,0.152503,13,
22,A:10,THR,0.151866,16,
23,A:145,GLU,0.150752,11,
24,A:190,PHE,0.150558,14,
25,A:171,THR,0.149609,13,
26,A:60,LYS,0.147185,13,
27,A:170,PHE,0.146200,9,
28,A:224,THR,0.145507,16,
29,A:113,ILE,0.145126,15,
30,A:139,ASP,0.144946,9,
31,A:65,ASP,0.143427,9,
32,A:162,MET,0.143142,13,
33,A:169,VAL,0.143098,11,
34,A:59,GLY,0.143011,9,
35,A:146,PHE,0.142863,12,
36,A:13,GLU,0.142802,9,
37,A:54,SER,0.142504,10,
38,A:16,TYR,0.142269,14,
39,A:195,THR,0.142251,11,
40,A:211,VAL,0.140328,10,
41,A:9,THR,0.140291,15,
42,A:110,GLY,0.139809,13,
43,A:177,GLY,0.139022,14,
44,A:109,LEU,0.138276,12,
45,A:86,ALA,0.138230,16,
46,A:194,SER,0.137896,11,
47,A:68,THR,0.137755,4,
48,A:121,ILE,0.137220,11,
49,A:156,GLU,0.136770,10,
50,A:189,ALA,0.136157,16,
51,A:164,SER,0.135772,6,
52,A:217,SER,0.135715,6,yes
53,A:66,PRO,0.134914,4,
54,A:197,ASN,0.134308,14,
55,A:107,MET,0.134294,11,yes
56,A:160,SER,0.133807,8,
57,A:214,ASN,0.133771,10,
58,A:147,PHE,0.133548,13,
59,A:165,ALA,0.133170,10,
60,A:88,ALA,0.133117,15,
61,A:175,ALA,0.132204,7,
62,A:213,GLY,0.131837,5,
63,A:154,VAL,0.131204,9,
64,A:181,VAL,0.130652,15,
65,A:85,ILE,0.130518,15,
66,A:115,ILE,0.130364,13,
67,A:231,GLY,0.130049,11,
68,A:152,ILE,0.129789,6,
69,A:127,LEU,0.129578,13,
70,A:98,GLU,0.129425,5,
71,A:159,TRP,0.128965,11,
72,A:101,ASP,0.128590,11,
73,A:216,ASP,0.128343,7,
74,A:163,LYS,0.128289,7,
75,A:232,THR,0.127800,7,
76,A:179,ALA,0.127795,8,
77,A:114,MET,0.127603,14,
78,A:135,TYR,0.126684,13,
79,A:14,SER,0.126676,10,
80,A:168,SER,0.126334,5,
81,A:78,LEU,0.126306,16,
82,A:92,ILE,0.125649,11,
83,A:158,MET,0.125161,14,
84,A:103,SER,0.125071,12,
85,A:136,GLY,0.124359,13,
86,A:58,ASP,0.124332,6,
87,A:161,TYR,0.124329,11,
88,A:188,PHE,0.124007,14,
89,A:172,LYS,0.123704,4,
90,A:228,SER,0.123543,9,
91,A:124,ALA,0.123203,10,
92,A:75,VAL,0.123147,17,
93,A:178,VAL,0.122978,12,
94,A:150,SER,0.121949,9,
95,A:97,GLU,0.121782,10,
96,A:247,LEU,0.120849,12,
97,A:155,TYR,0.120729,12,
98,A:133,ILE,0.120704,13,
99,A:151,LYS,0.120268,4,
100,A:200,ILE,0.119732,10,
101,A:223,ALA,0.119365,15,
102,A:8,VAL,0.117675,14,
103,A:212,GLY,0.117602,8,
104,A:6,ILE,0.117371,11,
105,A:79,VAL,0.116721,10,
106,A:209,MET,0.116292,7,
107,A:167,PRO,0.115516,4,
108,A:102,PHE,0.115490,13,
109,A:128,ALA,0.115268,10,
110,A:134,ALA,0.115224,9,
111,A:51,TYR,0.115184,13,
112,A:49,ILE,0.114530,7,
113,A:153,ALA,0.113544,5,
114,A:123,SER,0.112881,9,
115,A:70,ILE,0.112607,7,
116,A:7,VAL,0.112457,12,
117,A:56,VAL,0.112097,12,
118,A:199,TYR,0.112068,12,
119,A:15,PRO,0.112000,8,
120,A:227,GLY,0.111301,7,
121,A:44,ALA,0.111187,11,
122,A:69,LYS,0.110303,6,
123,A:233,PRO,0.110061,10,
124,A:100,ILE,0.109246,13,
125,A:157,LYS,0.109042,9,
126,A:106,PHE,0.108846,12,yes
127,A:87,VAL,0.108781,10,
128,A:41,TYR,0.108628,8,
129,A:83,ALA,0.108619,12,
130,A:225,PRO,0.108024,10,
131,A:229,ALA,0.107975,6,
132,A:55,ILE,0.107403,10,
133,A:222,VAL,0.106848,15,
134,A:43,ILE,0.106773,14,
135,A:95,VAL,0.105989,8,
136,A:242,SER,0.105529,11,
137,A:210,LYS,0.105518,11,
138,A:241,LEU,0.105201,15,
139,A:246,ILE,0.105040,9,
140,A:39,LEU,0.105022,14,
141,A:255,TRP,0.104607,12,
142,A:198,GLU,0.104262,10,
143,A:11,ILE,0.104254,14,
144,A:254,TRP,0.103620,13,
145,A:40,ALA,0.103584,13,
146,A:47,VAL,0.103402,10,
147,A:119,THR,0.103194,10,
148,A:234,VAL,0.102558,14,
149,A:36,CYS,0.102347,12,
150,A:34,GLY,0.102009,11,
151,A:250,LEU,0.101791,11,
152,A:118,GLY,0.100574,6,
153,A:206,CYS,0.100171,8,
154,A:230,LEU,0.100066,12,
155,A:5,THR,0.099254,6,
156,A:77,GLU,0.099245,15,
157,A:120,PRO,0.098712,5,
158,A:261,CYS,0.098283,7,
159,A:94,LEU,0.097857,5,
160,A:37,VAL,0.097828,14,
161,A:186,GLY,0.097498,11,
162,A:53,LEU,0.097184,13,
163,A:99,VAL,0.096089,9,
164,A:67,GLU,0.096073,4,
165,A:202,GLN,0.095962,11,
166,A:256,TYR,0.095712,7,
167,A:35,TYR,0.094715,11,
168,A:237,ALA,0.094142,12,
169,A:18,MET,0.094063,10,
170,A:12,LEU,0.093934,8,
171,A:239,LEU,0.093878,9,
172,A:17,VAL,0.093873,15,
173,A:28,GLY,0.093822,7,
174,A:236,LEU,0.093759,9,
175,A:184,SER,0.093652,10,
176,A:259,GLY,0.093149,8,
177,A:238,VAL,0.093131,15,
178,A:208,THR,0.092456,14,
179,A:176,ASP,0.092154,9,
180,A:201,GLU,0.090415,11,
181,A:245,GLY,0.090204,8,
182,A:166,GLU,0.089303,4,
183,A:26,LEU,0.086515,9,
184,A:84,ASP,0.084622,10,
185,A:226,LYS,0.083497,7,
186,A:205,PRO,0.083231,5,
187,A:33,GLU,0.081972,8,
188,A:32,TYR,0.080895,12,
189,A:235,ASN,0.080758,11,
190,A:82,ARG,0.080106,8,
191,A:19,TYR,0.079201,8,
192,A:131,THR,0.078494,4,
193,A:126,ASP,0.076942,10,
194,A:104,LYS,0.076768,9,
195,A:258,LYS,0.072509,8,
196,A:129,LYS,0.072044,5,
197,A:260,GLU,0.071671,7,
198,A:130,GLN,0.070915,7,
199,A:180,ARG,0.070695,11,
200,A:46,HIS,0.070637,11,
201,A:257,ASP,0.070365,7,
202,A:204,LYS,0.070040,5,
203,A:248,ASP,0.069963,7,
204,A:122,GLU,0.069764,5,
205,A:252,ASN,0.067534,9,
206,A:125,GLU,0.067229,7,
207,A:244,GLN,0.067101,6,
208,A:38,ASP,0.066063,12,
209,A:207,ASP,0.065979,6,
210,A:253,LYS,0.065155,10,
211,A:45,LYS,0.062870,7,
212,A:185,LYS,0.062579,5,
213,A:249,LYS,0.062382,8,
214,A:183,LYS,0.061860,6,
215,A:240,LYS,0.060706,9,
216,A:187,LYS,0.059722,7,
217,A:251,LYS,0.059350,11,
218,A:132,GLU,0.059167,4,
219,A:203,ARG,0.057089,10,
220,A:117,LYS,0.056630,7,
221,A:29,ASN,0.055624,8,
222,A:52,LYS,0.055485,10,
223,A:243,GLU,0.054829,6,
224,A:116,LYS,0.053109,13,
225,A:42,GLU,0.052516,11,
226,A:23,HIS,0.050153,9,
227,A:27,GLU,0.049686,4,
228,A:30,GLU,0.049113,7,
229,A:182,ARG,0.048581,10,
230,A:48,ARG,0.043685,5,
231,A:22,ASN,0.043622,6,
232,A:4,ARG,0.042963,3,
233,A:21,LYS,0.041969,4,
234,A:50,LYS,0.041383,7,
235,A:24,GLU,0.035322,4,
236,A:25,GLN,0.035322,4,
237,A:31,ARG,0.033809,10,
238,A:20,LYS,0.033418,10,
