rank,residue,resname,signal_from_active_site_at_gamma_0.01,contacts,known_allosteric
1,A:886,MET,0.225511,4,
2,A:878,PHE,0.222094,12,
3,A:700,LEU,0.217726,12,
4,A:698,ALA,0.214571,9,
5,A:756,ASN,0.207576,6,
6,A:687,ALA,0.205662,13,
7,A:699,ALA,0.199312,11,
8,A:882,ILE,0.197377,6,
9,A:697,PHE,0.195522,10,
10,A:898,ILE,0.194164,12,yes
11,A:889,VAL,0.193872,11,
12,A:887,VAL,0.193831,9,
13,A:710,ARG,0.191320,11,
14,A:686,CYS,0.189892,8,
15,A:690,ASP,0.188152,5,
16,A:894,MET,0.188140,8,yes
17,A:784,CYS,0.186618,12,
18,A:881,LEU,0.184245,11,
19,A:684,VAL,0.183869,5,
20,A:770,PHE,0.183612,10,
21,A:896,ALA,0.180700,10,
22,A:768,LEU,0.179672,12,
23,A:769,VAL,0.175930,12,
24,A:709,GLU,0.175812,12,
25,A:712,LEU,0.172487,12,
26,A:761,MET,0.170697,10,
27,A:903,VAL,0.170466,12,
28,A:685,VAL,0.168554,10,
29,A:762,LEU,0.166490,13,
30,A:901,VAL,0.162992,7,
31,A:757,VAL,0.160751,8,
32,A:890,ASP,0.159103,8,
33,A:790,LEU,0.157889,13,
34,A:713,VAL,0.156387,8,
35,A:775,MET,0.155611,13,
36,A:892,PRO,0.154711,9,
37,A:702,SER,0.153324,10,
38,A:785,VAL,0.152577,9,
39,A:714,HIS,0.150829,11,
40,A:748,ALA,0.150606,10,
41,A:907,LEU,0.149438,9,
42,A:806,CYS,0.148368,15,
43,A:900,SER,0.148178,8,
44,A:869,ILE,0.147930,14,
45,A:755,THR,0.146643,5,
46,A:866,VAL,0.146091,14,
47,A:689,HIS,0.145711,12,
48,A:794,PHE,0.145489,12,
49,A:797,LEU,0.144345,9,
50,A:807,MET,0.143858,14,
51,A:744,LEU,0.143748,12,
52,A:692,ASN,0.143614,3,
53,A:688,GLY,0.143163,10,
54,A:791,SER,0.142276,14,
55,A:751,TRP,0.142012,13,
56,A:870,ALA,0.141698,12,
57,A:754,PHE,0.141520,12,
58,A:715,VAL,0.140134,13,
59,A:683,GLY,0.138435,5,
60,A:747,PHE,0.137041,13,
61,A:906,ILE,0.136949,14,
62,A:796,TRP,0.136550,6,
63,A:721,ALA,0.134472,8,
64,A:716,VAL,0.132972,9,yes
65,A:750,GLY,0.132749,15,
66,A:719,ALA,0.132099,12,
67,A:743,GLY,0.131806,12,
68,A:888,SER,0.131735,6,
69,A:856,PHE,0.131395,11,
70,A:795,GLY,0.131041,10,
71,A:737,ILE,0.129418,12,
72,A:813,PHE,0.128685,12,
73,A:811,LEU,0.128654,13,
74,A:696,SER,0.127852,8,
75,A:827,PHE,0.127704,14,
76,A:782,SER,0.127659,6,
77,A:804,PHE,0.127281,11,
78,A:736,VAL,0.126763,15,
79,A:841,ILE,0.126221,11,
80,A:916,PHE,0.125026,6,
81,A:812,LEU,0.124738,12,
82,A:815,ILE,0.124644,11,
83,A:859,LEU,0.124138,14,
84,A:842,ILE,0.123954,12,
85,A:863,LEU,0.123794,12,
86,A:734,MET,0.122501,7,yes
87,A:773,TYR,0.122292,7,
88,A:865,SER,0.122128,10,
89,A:832,MET,0.121905,8,
90,A:838,LEU,0.121797,14,
91,A:914,ILE,0.121770,8,
92,A:868,PRO,0.120610,8,
93,A:799,ILE,0.120421,12,
94,A:808,LYS,0.120046,12,
95,A:809,ALA,0.119888,12,
96,A:693,GLN,0.119726,8,
97,A:826,PHE,0.119311,11,
98,A:703,SER,0.118862,12,
99,A:682,PRO,0.118731,8,
100,A:735,ALA,0.118481,12,
101,A:830,LEU,0.118466,13,
102,A:717,LYS,0.118218,8,
103,A:722,LEU,0.118148,12,
104,A:897,GLU,0.118030,8,
105,A:680,ILE,0.117849,8,
106,A:810,LEU,0.117632,13,
107,A:679,ALA,0.117538,6,
108,A:759,SER,0.116712,12,
109,A:893,GLU,0.116152,6,
110,A:677,LEU,0.115092,13,
111,A:884,SER,0.114498,11,
112,A:725,PHE,0.114416,11,
113,A:911,VAL,0.114075,11,
114,A:740,SER,0.113964,12,
115,A:739,TYR,0.113821,11,
116,A:672,ILE,0.113643,5,
117,A:844,CYS,0.113547,5,
118,A:816,ILE,0.113377,13,
119,A:862,LEU,0.113349,12,
120,A:728,LEU,0.112934,14,
121,A:918,THR,0.111983,3,
122,A:694,PRO,0.111877,4,
123,A:767,ASP,0.111813,9,
124,A:875,GLN,0.111775,9,
125,A:674,LEU,0.111764,11,
126,A:805,LEU,0.111728,12,
127,A:730,VAL,0.110402,6,yes
128,A:676,VAL,0.109764,11,
129,A:718,TRP,0.109515,11,
130,A:673,PHE,0.109436,9,
131,A:781,TYR,0.109105,9,
132,A:843,ALA,0.107318,8,
133,A:852,CYS,0.107210,10,
134,A:835,ILE,0.107157,9,
135,A:778,SER,0.106401,13,
136,A:821,LEU,0.104679,12,
137,A:691,ASN,0.104544,5,
138,A:909,GLY,0.102930,8,
139,A:766,PRO,0.101254,6,
140,A:904,PRO,0.101112,9,
141,A:818,VAL,0.099741,8,
142,A:814,SER,0.099314,12,
143,A:753,SER,0.098288,15,
144,A:874,HIS,0.097857,12,
145,A:817,PRO,0.095784,10,
146,A:800,THR,0.095288,6,
147,A:908,SER,0.095250,6,
148,A:872,GLU,0.094916,10,
149,A:885,HIS,0.093350,5,
150,A:789,HIS,0.089870,8,
151,A:720,LYS,0.089694,9,yes
152,A:913,PRO,0.089242,8,
153,A:879,ASP,0.088714,8,
154,A:695,ASP,0.085130,8,
155,A:857,TYR,0.083364,8,
156,A:915,TYR,0.083266,8,
157,A:783,GLN,0.080198,11,
158,A:834,TYR,0.079411,12,
159,A:883,LYS,0.077346,8,
160,A:902,GLN,0.074515,11,
161,A:792,GLN,0.073511,10,
162,A:733,GLN,0.072958,13,yes
163,A:853,SER,0.072525,8,
164,A:860,THR,0.072179,10,
165,A:729,HIS,0.072001,9,
166,A:681,GLU,0.071809,8,
167,A:738,GLN,0.069282,8,yes
168,A:777,LYS,0.068672,10,
169,A:776,HIS,0.067194,8,
170,A:829,GLU,0.066765,8,
171,A:771,ASN,0.066547,7,
172,A:839,ASP,0.065978,9,
173,A:758,ASN,0.065294,5,
174,A:732,ASP,0.064402,13,
175,A:793,GLU,0.064023,11,
176,A:833,ASN,0.063630,8,
177,A:779,ARG,0.062219,6,
178,A:837,GLU,0.061866,11,
179,A:801,PRO,0.061724,5,
180,A:788,ARG,0.061494,12,
181,A:772,GLU,0.061306,5,
182,A:905,LYS,0.060546,11,
183,A:820,GLY,0.059389,6,
184,A:824,GLN,0.058617,9,
185,A:867,GLN,0.058112,12,
186,A:724,GLY,0.058098,7,
187,A:774,ARG,0.057736,11,
188,A:786,ARG,0.057492,10,
189,A:919,GLN,0.054841,5,
190,A:726,ARG,0.054304,6,
191,A:723,PRO,0.053765,6,
192,A:910,LYS,0.053071,7,
193,A:798,GLN,0.052754,5,
194,A:851,SER,0.052438,9,
195,A:836,LYS,0.051831,8,
196,A:864,ASP,0.048922,11,
197,A:871,ARG,0.048181,10,
198,A:912,LYS,0.047911,9,
199,A:917,HIS,0.047013,7,
200,A:760,ARG,0.046953,4,
201,A:678,GLU,0.046174,8,
202,A:861,LYS,0.045993,10,
203,A:803,GLU,0.044460,12,
204,A:840,ARG,0.043947,8,
205,A:675,ASN,0.042152,8,
206,A:849,PRO,0.041331,7,
207,A:802,GLN,0.040467,8,
208,A:822,LYS,0.039529,6,
209,A:854,ARG,0.039247,8,
210,A:671,PRO,0.038794,4,
211,A:828,ASP,0.038106,8,
212,A:850,THR,0.037881,6,
213,A:823,ASN,0.034702,9,
214,A:831,ARG,0.034007,12,
215,A:731,ASP,0.033192,7,
216,A:858,GLN,0.031348,9,
217,A:819,ASP,0.029281,3,
218,A:825,LYS,0.029208,6,
219,A:727,ASN,0.029066,6,
220,A:848,ASN,0.027998,4,
221,A:855,ARG,0.026432,10,
222,A:847,LYS,0.026098,4,
223,A:846,ARG,0.020107,8,
224,A:845,LYS,0.017938,3,
