rank,residue,resname,hops_from_start,quantum_at_gamma_0.01,classical_at_rate_0.2625,quantum_minus_classical,known_allosteric
1,A:806,CYS,3,0.148368,0.081593,0.066775,
2,A:756,ASN,1,0.207576,0.143136,0.064441,
3,A:878,PHE,1,0.222094,0.157946,0.064148,
4,A:886,MET,2,0.225511,0.161381,0.064130,
5,A:856,PHE,4,0.131395,0.067983,0.063412,
6,A:842,ILE,4,0.123954,0.066544,0.057410,
7,A:841,ILE,4,0.126221,0.070784,0.055437,
8,A:807,MET,2,0.143858,0.090902,0.052956,
9,A:700,LEU,1,0.217726,0.164953,0.052773,
10,A:844,CYS,5,0.113547,0.061589,0.051959,
11,A:852,CYS,5,0.107210,0.058574,0.048637,
12,A:698,ALA,1,0.214571,0.166627,0.047944,
13,A:832,MET,4,0.121905,0.074543,0.047363,
14,A:838,LEU,3,0.121797,0.074675,0.047123,
15,A:797,LEU,3,0.144345,0.097315,0.047031,
16,A:843,ALA,5,0.107318,0.061422,0.045896,
17,A:827,PHE,3,0.127704,0.082007,0.045697,
18,A:898,ILE,1,0.194164,0.150017,0.044147,yes
19,A:859,LEU,3,0.124138,0.080372,0.043767,
20,A:721,ALA,3,0.134472,0.092972,0.041500,
21,A:826,PHE,4,0.119311,0.078594,0.040717,
22,A:672,ILE,5,0.113643,0.073099,0.040544,
23,A:830,LEU,3,0.118466,0.078767,0.039700,
24,A:916,PHE,3,0.125026,0.086354,0.038672,
25,A:813,PHE,2,0.128685,0.090436,0.038249,
26,A:784,CYS,1,0.186618,0.149585,0.037033,
27,A:679,ALA,3,0.117538,0.081220,0.036318,
28,A:699,ALA,1,0.199312,0.163732,0.035580,
29,A:674,LEU,4,0.111764,0.076566,0.035198,
30,A:804,PHE,2,0.127281,0.092323,0.034958,
31,A:673,PHE,4,0.109436,0.075471,0.033965,
32,A:687,ALA,1,0.205662,0.171971,0.033691,
33,A:677,LEU,3,0.115092,0.081609,0.033483,
34,A:835,ILE,4,0.107157,0.074356,0.032801,
35,A:697,PHE,1,0.195522,0.163007,0.032515,
36,A:809,ALA,3,0.119888,0.087390,0.032499,
37,A:690,ASP,2,0.188152,0.155946,0.032206,
38,A:882,ILE,1,0.197377,0.165302,0.032075,
39,A:863,LEU,2,0.123794,0.092403,0.031391,
40,A:866,VAL,1,0.146091,0.114784,0.031306,
41,A:719,ALA,2,0.132099,0.100944,0.031154,
42,A:680,ILE,3,0.117849,0.086795,0.031054,
43,A:736,VAL,2,0.126763,0.095985,0.030777,
44,A:728,LEU,3,0.112934,0.082369,0.030565,
45,A:734,MET,2,0.122501,0.092378,0.030123,yes
46,A:794,PHE,2,0.145489,0.115494,0.029995,
47,A:676,VAL,4,0.109764,0.079857,0.029907,
48,A:810,LEU,3,0.117632,0.087749,0.029883,
49,A:796,TRP,3,0.136550,0.106856,0.029694,
50,A:722,LEU,3,0.118148,0.088531,0.029617,
51,A:725,PHE,3,0.114416,0.085109,0.029307,
52,A:684,VAL,1,0.183869,0.154880,0.028988,
53,A:770,PHE,1,0.183612,0.154850,0.028761,
54,A:790,LEU,1,0.157889,0.129644,0.028246,
55,A:903,VAL,1,0.170466,0.142250,0.028216,
56,A:887,VAL,1,0.193831,0.165936,0.027895,
57,A:914,ILE,3,0.121770,0.094294,0.027475,
58,A:710,ARG,1,0.191320,0.164245,0.027075,
59,A:730,VAL,3,0.110402,0.083480,0.026922,yes
60,A:686,CYS,1,0.189892,0.163088,0.026804,
61,A:805,LEU,3,0.111728,0.084982,0.026746,
62,A:761,MET,1,0.170697,0.144336,0.026360,
63,A:918,THR,4,0.111983,0.085809,0.026175,
64,A:812,LEU,2,0.124738,0.099225,0.025513,
65,A:901,VAL,2,0.162992,0.137820,0.025173,
66,A:811,LEU,2,0.128654,0.103739,0.024915,
67,A:894,MET,1,0.188140,0.163524,0.024615,yes
68,A:799,ILE,2,0.120421,0.097509,0.022912,
69,A:737,ILE,1,0.129418,0.107787,0.021630,
70,A:815,ILE,2,0.124644,0.103438,0.021207,
71,A:735,ALA,2,0.118481,0.097311,0.021170,
72,A:862,LEU,2,0.113349,0.092913,0.020436,
73,A:757,VAL,1,0.160751,0.140616,0.020135,
74,A:889,VAL,1,0.193872,0.174231,0.019641,
75,A:795,GLY,2,0.131041,0.111997,0.019044,
76,A:816,ILE,2,0.113377,0.094387,0.018990,
77,A:821,LEU,3,0.104679,0.085939,0.018740,
78,A:712,LEU,1,0.172487,0.153804,0.018683,
79,A:769,VAL,1,0.175930,0.157964,0.017966,
80,A:907,LEU,2,0.149438,0.131482,0.017956,
81,A:906,ILE,2,0.136949,0.119401,0.017548,
82,A:808,LYS,2,0.120046,0.102757,0.017288,
83,A:762,LEU,1,0.166490,0.150205,0.016285,
84,A:881,LEU,1,0.184245,0.167971,0.016274,
85,A:744,LEU,1,0.143748,0.128408,0.015340,
86,A:865,SER,2,0.122128,0.106975,0.015153,
87,A:869,ILE,1,0.147930,0.132799,0.015131,
88,A:751,TRP,1,0.142012,0.127354,0.014658,
89,A:896,ALA,1,0.180700,0.166375,0.014325,
90,A:714,HIS,1,0.150829,0.136570,0.014260,
91,A:748,ALA,1,0.150606,0.136656,0.013950,
92,A:713,VAL,1,0.156387,0.142568,0.013818,
93,A:853,SER,5,0.072525,0.058916,0.013610,
94,A:716,VAL,2,0.132972,0.119363,0.013608,yes
95,A:857,TYR,4,0.083364,0.070338,0.013025,
96,A:685,VAL,1,0.168554,0.156602,0.011952,
97,A:754,PHE,1,0.141520,0.130837,0.010683,
98,A:768,LEU,1,0.179672,0.170052,0.009620,
99,A:747,PHE,1,0.137041,0.127441,0.009600,
100,A:755,THR,1,0.146643,0.137090,0.009553,
101,A:715,VAL,1,0.140134,0.130690,0.009444,
102,A:800,THR,3,0.095288,0.085989,0.009299,
103,A:870,ALA,1,0.141698,0.132523,0.009174,
104,A:791,SER,1,0.142276,0.133144,0.009131,
105,A:785,VAL,1,0.152577,0.144092,0.008486,
106,A:911,VAL,2,0.114075,0.106600,0.007476,
107,A:683,GLY,2,0.138435,0.131916,0.006519,
108,A:709,GLU,1,0.175812,0.170917,0.004896,
109,A:775,MET,1,0.155611,0.151074,0.004537,
110,A:717,LYS,2,0.118218,0.113903,0.004315,
111,A:739,TYR,1,0.113821,0.109921,0.003900,
112,A:718,TRP,2,0.109515,0.107112,0.002403,
113,A:818,VAL,3,0.099741,0.097700,0.002041,
114,A:868,PRO,2,0.120610,0.118852,0.001758,
115,A:743,GLY,1,0.131806,0.130178,0.001628,
116,A:834,TYR,3,0.079411,0.077953,0.001458,
117,A:740,SER,1,0.113964,0.112971,0.000993,
118,A:814,SER,2,0.099314,0.098677,0.000637,
119,A:817,PRO,3,0.095784,0.097384,-0.001600,
120,A:839,ASP,4,0.065978,0.068209,-0.002231,
121,A:851,SER,5,0.052438,0.054911,-0.002473,
122,A:900,SER,1,0.148178,0.151617,-0.003439,
123,A:692,ASN,3,0.143614,0.149375,-0.005761,
124,A:720,LYS,3,0.089694,0.096163,-0.006469,yes
125,A:750,GLY,1,0.132749,0.139430,-0.006681,
126,A:909,GLY,3,0.102930,0.110764,-0.007834,
127,A:829,GLU,4,0.066765,0.076045,-0.009280,
128,A:860,THR,3,0.072179,0.081803,-0.009624,
129,A:915,TYR,3,0.083266,0.092909,-0.009643,
130,A:729,HIS,3,0.072001,0.081709,-0.009708,
131,A:833,ASN,4,0.063630,0.074185,-0.010555,
132,A:849,PRO,6,0.041331,0.052980,-0.011649,
133,A:837,GLU,4,0.061866,0.073536,-0.011670,
134,A:682,PRO,1,0.118731,0.130904,-0.012173,
135,A:759,SER,2,0.116712,0.129969,-0.013257,
136,A:850,THR,5,0.037881,0.054049,-0.016168,
137,A:733,GLN,2,0.072958,0.089322,-0.016365,yes
138,A:913,PRO,2,0.089242,0.106517,-0.017275,
139,A:890,ASP,1,0.159103,0.176712,-0.017609,
140,A:836,LYS,4,0.051831,0.071312,-0.019481,
141,A:732,ASP,3,0.064402,0.084622,-0.020220,
142,A:801,PRO,3,0.061724,0.082090,-0.020365,
143,A:892,PRO,1,0.154711,0.175453,-0.020742,
144,A:782,SER,1,0.127659,0.148441,-0.020782,
145,A:848,ASN,6,0.027998,0.050020,-0.022022,
146,A:689,HIS,1,0.145711,0.167821,-0.022110,
147,A:724,GLY,4,0.058098,0.080255,-0.022157,
148,A:854,ARG,4,0.039247,0.061503,-0.022256,
149,A:908,SER,3,0.095250,0.117520,-0.022270,
150,A:824,GLN,3,0.058617,0.081004,-0.022387,
151,A:702,SER,1,0.153324,0.175920,-0.022595,
152,A:840,ARG,4,0.043947,0.066823,-0.022877,
153,A:847,LYS,6,0.026098,0.050492,-0.024394,
154,A:681,GLU,2,0.071809,0.096372,-0.024563,
155,A:723,PRO,4,0.053765,0.079431,-0.025666,
156,A:773,TYR,2,0.122292,0.148450,-0.026158,
157,A:688,GLY,1,0.143163,0.170126,-0.026963,
158,A:726,ARG,3,0.054304,0.082956,-0.028652,
159,A:820,GLY,3,0.059389,0.088541,-0.029153,
160,A:696,SER,2,0.127852,0.157069,-0.029216,
161,A:904,PRO,2,0.101112,0.131963,-0.030851,
162,A:671,PRO,5,0.038794,0.071757,-0.032963,
163,A:675,ASN,4,0.042152,0.075828,-0.033677,
164,A:888,SER,2,0.131735,0.166289,-0.034553,
165,A:678,GLU,3,0.046174,0.081123,-0.034949,
166,A:693,GLN,2,0.119726,0.154797,-0.035071,
167,A:846,ARG,5,0.020107,0.056446,-0.036339,
168,A:803,GLU,3,0.044460,0.081155,-0.036695,
169,A:855,ARG,4,0.026432,0.063882,-0.037450,
170,A:845,LYS,6,0.017938,0.055550,-0.037612,
171,A:919,GLN,3,0.054841,0.092597,-0.037756,
172,A:828,ASP,4,0.038106,0.076797,-0.038691,
173,A:917,HIS,3,0.047013,0.086306,-0.039293,
174,A:861,LYS,3,0.045993,0.085335,-0.039342,
175,A:802,GLN,3,0.040467,0.080173,-0.039706,
176,A:875,GLN,1,0.111775,0.152740,-0.040966,
177,A:822,LYS,4,0.039529,0.080620,-0.041091,
178,A:694,PRO,2,0.111877,0.153001,-0.041124,
179,A:897,GLU,1,0.118030,0.159376,-0.041345,
180,A:789,HIS,1,0.089870,0.131955,-0.042084,
181,A:781,TYR,1,0.109105,0.151486,-0.042382,
182,A:753,SER,1,0.098288,0.142163,-0.043875,
183,A:798,GLN,3,0.052754,0.096992,-0.044238,
184,A:738,GLN,1,0.069282,0.113842,-0.044560,yes
185,A:864,ASP,2,0.048922,0.093653,-0.044732,
186,A:858,GLN,3,0.031348,0.076408,-0.045061,
187,A:823,ASN,4,0.034702,0.079905,-0.045203,
188,A:831,ARG,3,0.034007,0.080964,-0.046957,
189,A:825,LYS,4,0.029208,0.076680,-0.047472,
190,A:872,GLU,1,0.094916,0.142772,-0.047856,
191,A:793,GLU,2,0.064023,0.111923,-0.047899,
192,A:792,GLN,2,0.073511,0.122424,-0.048913,
193,A:874,HIS,1,0.097857,0.147099,-0.049242,
194,A:727,ASN,4,0.029066,0.078955,-0.049888,
195,A:691,ASN,2,0.104544,0.154970,-0.050426,
196,A:893,GLU,1,0.116152,0.166827,-0.050674,
197,A:902,GLN,1,0.074515,0.126026,-0.051511,
198,A:731,ASP,3,0.033192,0.084985,-0.051793,
199,A:767,ASP,1,0.111813,0.164267,-0.052454,
200,A:778,SER,1,0.106401,0.159686,-0.053285,
201,A:912,LYS,3,0.047911,0.101717,-0.053806,
202,A:867,GLN,2,0.058112,0.112295,-0.054183,
203,A:910,LYS,3,0.053071,0.107640,-0.054569,
204,A:884,SER,1,0.114498,0.169176,-0.054678,
205,A:703,SER,1,0.118862,0.175541,-0.056679,
206,A:905,LYS,2,0.060546,0.119394,-0.058848,
207,A:819,ASP,4,0.029281,0.089587,-0.060305,
208,A:758,ASN,2,0.065294,0.125795,-0.060501,
209,A:766,PRO,1,0.101254,0.161828,-0.060574,
210,A:695,ASP,2,0.085130,0.153841,-0.068711,
211,A:885,HIS,2,0.093350,0.162199,-0.068850,
212,A:783,GLN,1,0.080198,0.150354,-0.070156,
213,A:788,ARG,1,0.061494,0.137828,-0.076334,
214,A:879,ASP,1,0.088714,0.165811,-0.077097,
215,A:771,ASN,2,0.066547,0.148383,-0.081836,
216,A:786,ARG,1,0.057492,0.140348,-0.082856,
217,A:776,HIS,2,0.067194,0.150227,-0.083032,
218,A:871,ARG,1,0.048181,0.131242,-0.083061,
219,A:760,ARG,2,0.046953,0.131207,-0.084254,
220,A:777,LYS,2,0.068672,0.153876,-0.085204,
221,A:772,GLU,2,0.061306,0.146656,-0.085350,
222,A:883,LYS,1,0.077346,0.165386,-0.088040,
223,A:779,ARG,1,0.062219,0.155407,-0.093189,
224,A:774,ARG,2,0.057736,0.152095,-0.094358,
