rank,residue,resname,hops_from_start,quantum_at_gamma_0.3162,classical_at_rate_0.341,quantum_minus_classical,known_allosteric
1,A:52,ILE,5,0.084611,0.060085,0.024525,
2,A:253,ARG,2,0.166269,0.142432,0.023837,
3,A:210,GLU,3,0.145213,0.122368,0.022845,
4,A:126,ILE,3,0.121724,0.099284,0.022440,
5,A:50,LEU,6,0.083402,0.062047,0.021355,
6,A:90,ILE,4,0.104313,0.083381,0.020932,
7,A:122,ILE,3,0.123663,0.103352,0.020311,
8,A:191,ASN,1,0.184697,0.164946,0.019751,
9,A:55,PHE,5,0.079294,0.059818,0.019477,
10,A:69,ILE,4,0.097791,0.078960,0.018832,
11,A:189,MET,1,0.186653,0.168281,0.018372,
12,A:31,ILE,3,0.124788,0.107259,0.017529,
13,A:59,PHE,5,0.086163,0.068830,0.017333,
14,A:42,VAL,4,0.089896,0.072680,0.017216,
15,A:196,ALA,1,0.235102,0.218145,0.016958,
16,A:207,LYS,2,0.152055,0.135365,0.016690,
17,A:86,PHE,3,0.099038,0.083526,0.015513,
18,A:129,ILE,2,0.122782,0.107380,0.015401,
19,A:190,LYS,1,0.185033,0.169878,0.015156,
20,A:74,ILE,4,0.094001,0.079065,0.014936,yes
21,A:60,LEU,4,0.089181,0.074453,0.014728,
22,A:98,ILE,4,0.106451,0.091821,0.014630,yes
23,A:148,ILE,3,0.101277,0.087202,0.014076,
24,A:67,LEU,4,0.092466,0.078409,0.014057,
25,A:64,LEU,3,0.094399,0.080390,0.014009,
26,A:125,ILE,2,0.126073,0.113150,0.012924,
27,A:162,LYS,1,0.154501,0.142334,0.012167,
28,A:248,GLU,1,0.159344,0.147389,0.011956,
29,A:161,GLY,1,0.163705,0.151914,0.011791,
30,A:143,VAL,4,0.090163,0.078390,0.011773,
31,A:140,PHE,5,0.083182,0.071462,0.011720,
32,A:300,TRP,3,0.102192,0.090992,0.011199,
33,A:225,ILE,2,0.125308,0.114290,0.011018,
34,A:88,ASP,4,0.092936,0.082167,0.010769,
35,A:87,PRO,3,0.102440,0.091677,0.010763,
36,A:77,PHE,3,0.102360,0.091676,0.010683,
37,A:45,ALA,5,0.072224,0.061960,0.010265,
38,A:95,LEU,5,0.087740,0.077732,0.010008,
39,A:174,PRO,2,0.154455,0.144504,0.009951,
40,A:176,TYR,1,0.159090,0.149273,0.009817,
41,A:208,LYS,2,0.139806,0.130010,0.009796,
42,A:70,ALA,4,0.087673,0.077975,0.009698,
43,A:203,GLU,1,0.172839,0.163199,0.009640,
44,A:28,PHE,2,0.122927,0.113495,0.009433,
45,A:3,PHE,3,0.128146,0.119087,0.009059,
46,A:232,LYS,1,0.144873,0.136128,0.008745,
47,A:166,GLU,1,0.153412,0.144788,0.008624,
48,A:81,ASP,2,0.129085,0.120811,0.008274,
49,A:85,PHE,2,0.101692,0.094035,0.007657,
50,A:229,TYR,2,0.130956,0.124160,0.006796,
51,A:103,ILE,2,0.133317,0.126650,0.006666,
52,A:177,THR,2,0.150122,0.143609,0.006513,
53,A:228,GLU,2,0.135383,0.128925,0.006457,
54,A:117,ILE,2,0.124631,0.118175,0.006456,
55,A:24,ASP,2,0.132646,0.126257,0.006389,
56,A:128,LEU,2,0.122305,0.115947,0.006358,
57,A:227,PRO,2,0.133678,0.127369,0.006309,
58,A:254,LEU,3,0.144026,0.138169,0.005857,
59,A:233,ILE,1,0.140377,0.134554,0.005823,
60,A:151,LEU,2,0.109297,0.103675,0.005622,
61,A:120,VAL,2,0.122583,0.117104,0.005480,
62,A:39,CYS,4,0.080188,0.074836,0.005353,
63,A:63,ALA,4,0.080510,0.075240,0.005270,
64,A:252,ARG,2,0.141346,0.136109,0.005237,
65,A:96,PRO,6,0.079751,0.074933,0.004819,
66,A:79,SER,3,0.104510,0.099760,0.004750,yes
67,A:187,GLY,2,0.161577,0.156975,0.004603,
68,A:72,SER,4,0.085958,0.081442,0.004516,
69,A:93,SER,5,0.083756,0.079258,0.004497,
70,A:36,PHE,4,0.086683,0.082356,0.004326,
71,A:104,LEU,2,0.133529,0.129645,0.003884,
72,A:30,PHE,2,0.112640,0.108917,0.003723,
73,A:214,VAL,4,0.112680,0.109005,0.003675,
74,A:152,GLN,2,0.111607,0.108038,0.003570,
75,A:37,ALA,4,0.080643,0.077087,0.003557,
76,A:159,HIS,1,0.135343,0.131949,0.003394,
77,A:49,GLY,6,0.062771,0.059688,0.003083,
78,A:230,LEU,1,0.132418,0.129586,0.002832,
79,A:57,GLY,5,0.064570,0.061807,0.002763,
80,A:144,ALA,4,0.079747,0.077461,0.002286,
81,A:244,GLU,1,0.159597,0.157353,0.002244,
82,A:78,GLU,4,0.091720,0.089591,0.002128,
83,A:94,PHE,5,0.077697,0.075819,0.001878,
84,A:172,ASP,1,0.151204,0.149354,0.001850,
85,A:9,VAL,2,0.137206,0.135395,0.001811,
86,A:124,LYS,2,0.119537,0.117755,0.001782,
87,A:184,ASP,2,0.150343,0.148673,0.001670,
88,A:150,CYS,2,0.105566,0.104010,0.001557,
89,A:62,TRP,4,0.070516,0.069011,0.001505,
90,A:112,ASN,2,0.114946,0.113477,0.001469,
91,A:181,LYS,3,0.143472,0.142113,0.001359,
92,A:76,ARG,3,0.088298,0.087234,0.001063,yes
93,A:27,ILE,2,0.121552,0.120770,0.000782,
94,A:71,HIS,4,0.081170,0.080444,0.000727,yes
95,A:97,SER,5,0.084068,0.083389,0.000678,
96,A:206,THR,2,0.138546,0.137882,0.000664,
97,A:84,PRO,3,0.094838,0.094236,0.000602,
98,A:23,GLU,1,0.141796,0.141283,0.000512,
99,A:26,ILE,1,0.121752,0.121731,0.000020,
100,A:236,GLU,1,0.145625,0.145677,-0.000052,
101,A:154,LEU,1,0.122192,0.122397,-0.000204,
102,A:48,PRO,7,0.057864,0.058469,-0.000605,
103,A:53,PRO,6,0.055227,0.055846,-0.000619,
104,A:170,GLN,1,0.148490,0.149121,-0.000631,
105,A:212,TYR,3,0.116435,0.117100,-0.000665,
106,A:73,ARG,5,0.077130,0.078025,-0.000895,
107,A:231,VAL,1,0.137604,0.138589,-0.000985,
108,A:185,VAL,2,0.152890,0.153898,-0.001009,
109,A:111,VAL,2,0.128262,0.129299,-0.001037,
110,A:82,GLU,2,0.102333,0.103463,-0.001131,yes
111,A:186,GLU,2,0.155879,0.157041,-0.001162,
112,A:118,LYS,3,0.107248,0.108462,-0.001214,
113,A:141,GLY,4,0.072534,0.073914,-0.001381,
114,A:160,PHE,1,0.144250,0.145868,-0.001618,
115,A:105,ALA,2,0.129765,0.131476,-0.001711,
116,A:100,TYR,3,0.106956,0.108786,-0.001830,yes
117,A:249,TYR,1,0.142512,0.144375,-0.001863,
118,A:134,GLY,5,0.072354,0.074279,-0.001925,
119,A:211,VAL,3,0.116029,0.117967,-0.001938,
120,A:163,PHE,1,0.138973,0.140953,-0.001980,
121,A:107,TYR,3,0.123078,0.125373,-0.002295,
122,A:251,LEU,2,0.142282,0.144622,-0.002339,
123,A:41,SER,5,0.065414,0.067802,-0.002389,
124,A:99,ASN,4,0.094446,0.096905,-0.002459,
125,A:255,GLU,3,0.129689,0.132185,-0.002496,
126,A:147,ASP,3,0.085873,0.088379,-0.002506,
127,A:58,SER,5,0.063865,0.066462,-0.002597,
128,A:89,LYS,4,0.078475,0.081267,-0.002793,
129,A:4,THR,3,0.116310,0.119236,-0.002926,
130,A:145,THR,3,0.078333,0.081382,-0.003048,
131,A:68,GLU,3,0.079219,0.082393,-0.003175,
132,A:83,THR,2,0.109381,0.112723,-0.003342,
133,A:21,ARG,1,0.138662,0.142612,-0.003950,
134,A:173,ILE,2,0.141626,0.145760,-0.004134,
135,A:38,THR,4,0.077026,0.081171,-0.004145,
136,A:158,ILE,1,0.135507,0.139717,-0.004210,
137,A:110,GLU,3,0.117658,0.121985,-0.004327,
138,A:114,ASN,2,0.105857,0.110192,-0.004335,
139,A:80,PRO,2,0.116247,0.120653,-0.004405,
140,A:245,VAL,1,0.144689,0.149356,-0.004667,
141,A:226,THR,2,0.115722,0.120394,-0.004672,
142,A:180,ILE,2,0.140352,0.145090,-0.004738,
143,A:115,ASP,3,0.108744,0.113579,-0.004835,
144,A:65,SER,3,0.073007,0.077908,-0.004900,
145,A:209,ALA,2,0.120473,0.125465,-0.004992,
146,A:149,GLU,2,0.092229,0.097273,-0.005044,
147,A:256,GLU,4,0.114469,0.119531,-0.005062,
148,A:91,GLN,5,0.072563,0.077683,-0.005120,
149,A:66,ASN,4,0.070923,0.076170,-0.005247,
150,A:40,PRO,5,0.066286,0.071659,-0.005373,
151,A:188,ILE,1,0.151695,0.157102,-0.005407,
152,A:5,LYS,3,0.122914,0.128477,-0.005563,
153,A:155,SER,1,0.113551,0.119164,-0.005612,
154,A:108,ALA,2,0.121248,0.127011,-0.005763,
155,A:75,ARG,4,0.078703,0.084885,-0.006182,yes
156,A:153,SER,1,0.111074,0.117283,-0.006209,
157,A:179,LEU,2,0.142289,0.148536,-0.006247,
158,A:101,PRO,3,0.109006,0.115339,-0.006333,
159,A:47,HIS,6,0.055583,0.062006,-0.006424,
160,A:119,LYS,3,0.103601,0.110198,-0.006597,
161,A:182,SER,3,0.136767,0.143397,-0.006630,
162,A:56,LYS,6,0.051819,0.058459,-0.006640,
163,A:51,GLU,6,0.051696,0.058344,-0.006648,
164,A:241,ILE,1,0.142798,0.149448,-0.006650,
165,A:142,SER,4,0.070065,0.076729,-0.006664,
166,A:109,PRO,3,0.105977,0.112676,-0.006698,
167,A:250,LEU,1,0.145445,0.152190,-0.006745,
168,A:43,TYR,4,0.068644,0.075500,-0.006856,
169,A:171,SER,1,0.147309,0.154276,-0.006967,
170,A:169,PHE,1,0.142724,0.149799,-0.007075,
171,A:46,ASN,6,0.053010,0.060446,-0.007436,
172,A:106,PRO,3,0.116349,0.124403,-0.008053,
173,A:92,LYS,5,0.068069,0.076209,-0.008140,
174,A:15,ILE,1,0.144143,0.152309,-0.008166,
175,A:237,ILE,1,0.138465,0.146721,-0.008256,
176,A:178,LYS,2,0.136115,0.144421,-0.008307,
177,A:10,LEU,1,0.133530,0.141891,-0.008361,
178,A:54,ASN,6,0.046799,0.055228,-0.008429,
179,A:156,ARG,1,0.116041,0.124696,-0.008655,
180,A:133,ASP,4,0.068632,0.077309,-0.008677,
181,A:175,LEU,2,0.138512,0.147225,-0.008713,
182,A:183,LYS,3,0.135207,0.144197,-0.008990,
183,A:61,ASP,4,0.059417,0.068532,-0.009115,
184,A:20,VAL,1,0.145507,0.155415,-0.009908,
185,A:121,TYR,2,0.097608,0.107784,-0.010176,
186,A:213,GLY,3,0.102573,0.112781,-0.010208,
187,A:146,ARG,3,0.078406,0.088722,-0.010317,
188,A:11,ASN,1,0.135403,0.145781,-0.010378,
189,A:130,SER,3,0.076539,0.087086,-0.010546,
190,A:113,TYR,2,0.117576,0.128159,-0.010582,
191,A:116,LYS,2,0.107342,0.117967,-0.010625,
192,A:165,ALA,1,0.142867,0.153507,-0.010640,
193,A:1,MET,2,0.130089,0.140963,-0.010874,
194,A:204,ARG,1,0.143059,0.154084,-0.011026,
195,A:135,ASP,5,0.060009,0.071285,-0.011276,
196,A:205,LEU,1,0.132334,0.143658,-0.011324,
197,A:136,ASP,5,0.062455,0.073888,-0.011432,
198,A:25,SER,2,0.112518,0.124006,-0.011487,
199,A:235,LYS,1,0.143290,0.155047,-0.011757,
200,A:14,ASN,1,0.138988,0.150897,-0.011909,
201,A:123,GLU,3,0.094264,0.106612,-0.012348,
202,A:132,ARG,4,0.065308,0.077687,-0.012379,
203,A:167,ALA,1,0.139731,0.152118,-0.012387,
204,A:44,GLU,5,0.053588,0.066322,-0.012735,
205,A:138,ASN,6,0.056583,0.069599,-0.013015,
206,A:247,VAL,1,0.144492,0.157567,-0.013075,
207,A:217,THR,5,0.083064,0.096442,-0.013379,
208,A:215,ASP,4,0.087770,0.101218,-0.013448,
209,A:7,GLU,2,0.120356,0.133836,-0.013480,
210,A:137,LYS,6,0.056390,0.069879,-0.013489,
211,A:22,MET,1,0.122930,0.136957,-0.014028,
212,A:139,ASN,5,0.059301,0.073746,-0.014445,
213,A:34,SER,3,0.082910,0.097368,-0.014458,
214,A:127,PRO,3,0.087439,0.102145,-0.014706,
215,A:2,ASP,3,0.112477,0.127776,-0.015299,
216,A:32,GLU,3,0.084161,0.099622,-0.015461,
217,A:33,ARG,3,0.079895,0.095607,-0.015712,
218,A:102,GLN,3,0.104378,0.120696,-0.016318,
219,A:6,PRO,2,0.111630,0.128038,-0.016408,
220,A:29,LYS,2,0.090469,0.107277,-0.016808,
221,A:222,GLU,4,0.087912,0.104898,-0.016986,
222,A:8,THR,2,0.118579,0.135650,-0.017071,
223,A:131,LYS,4,0.065478,0.083765,-0.018287,
224,A:18,GLU,1,0.132310,0.151032,-0.018721,
225,A:17,ASP,1,0.134404,0.153516,-0.019112,
226,A:199,GLU,1,0.181471,0.200603,-0.019132,
227,A:216,PRO,4,0.083124,0.103261,-0.020136,
228,A:35,HIS,4,0.071450,0.091937,-0.020487,
229,A:200,LYS,1,0.169696,0.190809,-0.021113,
230,A:223,ARG,3,0.087754,0.108980,-0.021225,
231,A:202,LEU,1,0.146047,0.167668,-0.021620,
232,A:13,GLN,1,0.134979,0.156687,-0.021708,
233,A:224,ARG,3,0.080739,0.104033,-0.023294,
