rank,residue,resname,hops_from_start,quantum_at_gamma_56.23,classical_at_rate_0.03531,quantum_minus_classical,known_allosteric
1,A:46,ALA,2,0.180750,0.180425,0.000326,
2,A:276,LEU,3,0.036341,0.036030,0.000311,
3,A:32,VAL,3,0.031067,0.030844,0.000223,
4,A:117,PHE,2,0.118508,0.118286,0.000222,
5,A:272,VAL,3,0.047749,0.047560,0.000189,
6,A:94,ILE,2,0.067991,0.067805,0.000185,
7,A:269,ALA,3,0.047984,0.047802,0.000181,
8,A:275,LEU,2,0.063413,0.063239,0.000174,
9,A:1,MET,3,0.045241,0.045067,0.000174,
10,A:4,ILE,2,0.058087,0.057918,0.000169,
11,A:34,VAL,3,0.047434,0.047267,0.000167,
12,A:93,GLY,3,0.056803,0.056646,0.000157,
13,A:28,ILE,4,0.024847,0.024690,0.000156,
14,A:274,LEU,2,0.059959,0.059804,0.000156,
15,A:68,LEU,2,0.144313,0.144163,0.000150,
16,A:286,ILE,3,0.051140,0.050999,0.000140,
17,A:49,ILE,2,0.112068,0.111937,0.000132,
18,A:37,VAL,2,0.137593,0.137471,0.000122,
19,A:31,GLY,4,0.019468,0.019353,0.000114,
20,A:278,GLY,3,0.050054,0.049940,0.000114,
21,A:54,VAL,4,0.020393,0.020283,0.000110,
22,A:257,THR,3,0.048832,0.048723,0.000109,
23,A:291,LEU,3,0.051515,0.051408,0.000106,
24,A:24,VAL,3,0.041109,0.041004,0.000105,
25,A:27,ALA,3,0.031406,0.031306,0.000100,
26,A:262,VAL,3,0.043500,0.043405,0.000095,
27,A:254,GLY,2,0.066017,0.065923,0.000094,
28,A:22,SER,2,0.052938,0.052846,0.000092,
29,A:89,LEU,2,0.100007,0.099915,0.000092,
30,A:116,GLY,2,0.134353,0.134275,0.000079,
31,A:67,ILE,2,0.084324,0.084257,0.000067,
32,A:189,ILE,3,0.015984,0.015920,0.000065,
33,A:18,ALA,2,0.066978,0.066914,0.000065,
34,A:263,LEU,2,0.056008,0.055943,0.000065,
35,A:60,ILE,3,0.046267,0.046210,0.000057,
36,A:191,ILE,3,0.028752,0.028697,0.000055,
37,A:143,LEU,2,0.043114,0.043060,0.000054,
38,A:23,VAL,2,0.064526,0.064473,0.000053,
39,A:52,LEU,3,0.044780,0.044731,0.000049,
40,A:61,ILE,3,0.041064,0.041015,0.000049,
41,A:265,SER,2,0.052169,0.052122,0.000047,
42,A:118,PRO,2,0.090800,0.090753,0.000047,
43,A:256,PRO,2,0.067412,0.067366,0.000046,
44,A:29,TYR,4,0.019139,0.019095,0.000043,
45,A:221,ALA,2,0.044857,0.044815,0.000042,
46,A:292,VAL,3,0.061424,0.061383,0.000041,
47,A:259,PHE,3,0.045625,0.045584,0.000040,
48,A:217,ILE,4,0.006774,0.006735,0.000038,
49,A:150,ILE,4,0.012140,0.012102,0.000038,
50,A:264,ALA,2,0.072130,0.072099,0.000031,
51,A:153,ILE,4,0.006626,0.006598,0.000028,
52,A:255,SER,2,0.056584,0.056556,0.000028,
53,A:55,GLY,4,0.016311,0.016284,0.000028,
54,A:2,LYS,4,0.027569,0.027542,0.000027,
55,A:314,LEU,4,0.007390,0.007364,0.000026,
56,A:301,ALA,2,0.103751,0.103725,0.000026,
57,A:186,ALA,4,0.009436,0.009411,0.000026,
58,A:318,LEU,4,0.004990,0.004966,0.000025,
59,A:98,VAL,2,0.103516,0.103492,0.000024,
60,A:147,ILE,3,0.018043,0.018019,0.000024,
61,A:185,GLY,4,0.007646,0.007624,0.000022,yes
62,A:57,VAL,3,0.039107,0.039086,0.000022,
63,A:182,LEU,3,0.012797,0.012779,0.000019,
64,A:218,ILE,3,0.007505,0.007487,0.000018,
65,A:240,PHE,5,0.001610,0.001592,0.000018,
66,A:320,ILE,5,0.001979,0.001964,0.000015,
67,A:319,SER,4,0.004418,0.004404,0.000014,
68,A:8,THR,1,0.200157,0.200144,0.000013,
69,A:202,ILE,5,0.001588,0.001575,0.000013,
70,A:157,ALA,5,0.002509,0.002496,0.000013,
71,A:205,LEU,4,0.002269,0.002257,0.000011,
72,A:234,ILE,4,0.003151,0.003140,0.000011,
73,A:30,HIS,4,0.023307,0.023297,0.000010,
74,A:159,SER,6,0.001205,0.001195,0.000010,
75,A:219,ILE,3,0.017124,0.017114,0.000010,
76,A:239,GLY,5,0.001183,0.001174,0.000010,
77,A:161,GLU,6,0.001095,0.001086,0.000009,
78,A:258,ALA,3,0.036196,0.036187,0.000009,
79,A:158,THR,6,0.001528,0.001519,0.000009,
80,A:238,THR,5,0.001480,0.001472,0.000008,
81,A:313,ALA,4,0.007862,0.007854,0.000008,
82,A:203,ALA,5,0.001345,0.001337,0.000008,
83,A:160,HIS,6,0.001128,0.001121,0.000007,
84,A:237,ALA,5,0.001454,0.001447,0.000007,
85,A:212,GLY,6,0.000490,0.000485,0.000006,yes
86,A:184,GLY,4,0.010032,0.010026,0.000006,
87,A:146,VAL,3,0.031849,0.031843,0.000005,
88,A:210,GLU,6,0.000477,0.000472,0.000005,
89,A:208,GLY,5,0.001169,0.001164,0.000005,
90,A:209,HIS,5,0.000912,0.000907,0.000005,
91,A:163,THR,4,0.003032,0.003028,0.000004,
92,A:216,SER,4,0.002490,0.002487,0.000004,
93,A:214,LYS,6,0.000898,0.000894,0.000003,yes
94,A:211,ARG,6,0.000485,0.000481,0.000003,yes
95,A:14,PRO,2,0.086762,0.086758,0.000003,
96,A:58,GLY,3,0.025962,0.025959,0.000003,
97,A:156,THR,5,0.002423,0.002420,0.000003,
98,A:62,HIS,3,0.039980,0.039977,0.000003,
99,A:201,VAL,4,0.003573,0.003570,0.000003,
100,A:235,GLN,5,0.001994,0.001991,0.000002,
101,A:242,THR,4,0.002882,0.002880,0.000002,
102,A:53,GLU,4,0.018626,0.018624,0.000002,
103,A:206,LYS,5,0.000976,0.000975,0.000002,
104,A:241,GLU,5,0.001494,0.001493,0.000001,
105,A:213,LYS,5,0.001073,0.001072,0.000001,yes
106,A:162,ARG,5,0.001932,0.001931,0.000001,
107,A:207,ARG,5,0.000843,0.000844,-0.000000,
108,A:204,ARG,5,0.002292,0.002293,-0.000000,
109,A:231,GLY,4,0.005137,0.005138,-0.000001,
110,A:199,ASN,5,0.001463,0.001465,-0.000002,
111,A:155,ASP,5,0.003094,0.003097,-0.000003,
112,A:228,VAL,3,0.007784,0.007787,-0.000003,
113,A:198,MET,4,0.002262,0.002265,-0.000003,
114,A:188,THR,4,0.006926,0.006929,-0.000003,
115,A:236,GLU,5,0.001584,0.001587,-0.000003,
116,A:149,ALA,3,0.018132,0.018135,-0.000003,
117,A:181,GLY,3,0.014905,0.014909,-0.000003,
118,A:317,GLU,4,0.004188,0.004191,-0.000004,
119,A:166,ILE,3,0.014430,0.014435,-0.000005,
120,A:215,HIS,5,0.002174,0.002180,-0.000006,yes
121,A:183,ALA,3,0.015538,0.015544,-0.000006,
122,A:187,GLU,4,0.003783,0.003789,-0.000006,yes
123,A:197,ASP,4,0.002685,0.002693,-0.000008,
124,A:190,LEU,3,0.016964,0.016973,-0.000008,
125,A:200,ASP,4,0.002164,0.002173,-0.000009,
126,A:33,GLU,3,0.031883,0.031895,-0.000012,
127,A:230,PHE,3,0.009476,0.009488,-0.000012,
128,A:154,ARG,5,0.004575,0.004587,-0.000013,yes
129,A:164,TYR,4,0.004868,0.004883,-0.000015,
130,A:176,ILE,2,0.064439,0.064454,-0.000015,
131,A:233,GLN,4,0.003202,0.003219,-0.000017,
132,A:165,VAL,3,0.007888,0.007905,-0.000017,
133,A:244,VAL,3,0.007975,0.007992,-0.000017,
134,A:145,THR,2,0.043776,0.043795,-0.000019,
135,A:315,SER,3,0.009699,0.009720,-0.000021,
136,A:3,ARG,3,0.048240,0.048262,-0.000022,
137,A:92,HIS,3,0.075858,0.075881,-0.000023,
138,A:196,TYR,3,0.008436,0.008460,-0.000024,
139,A:86,ILE,1,0.153175,0.153199,-0.000025,
140,A:195,ASP,4,0.005791,0.005818,-0.000027,
141,A:316,LYS,4,0.005295,0.005323,-0.000028,
142,A:232,ARG,4,0.003837,0.003867,-0.000031,
143,A:194,ALA,3,0.020538,0.020569,-0.000031,
144,A:243,ARG,4,0.003693,0.003725,-0.000032,
145,A:96,GLY,2,0.076699,0.076731,-0.000033,
146,A:135,PHE,2,0.083899,0.083932,-0.000033,
147,A:151,ASP,4,0.008479,0.008515,-0.000036,
148,A:152,LYS,4,0.006922,0.006958,-0.000036,
149,A:20,ILE,2,0.086261,0.086299,-0.000038,
150,A:311,MET,3,0.014691,0.014729,-0.000039,
151,A:280,GLY,2,0.088313,0.088354,-0.000041,
152,A:180,SER,3,0.022560,0.022603,-0.000043,
153,A:35,TYR,3,0.064015,0.064060,-0.000046,
154,A:91,LYS,3,0.081643,0.081689,-0.000046,
155,A:224,VAL,2,0.031701,0.031747,-0.000046,
156,A:261,ARG,2,0.049779,0.049827,-0.000048,
157,A:260,ASP,2,0.065029,0.065077,-0.000048,
158,A:220,VAL,2,0.021697,0.021746,-0.000050,
159,A:192,PRO,2,0.049565,0.049616,-0.000051,
160,A:83,LYS,1,0.194624,0.194677,-0.000053,
161,A:310,ARG,4,0.008872,0.008925,-0.000053,
162,A:312,TYR,3,0.015888,0.015944,-0.000056,
163,A:245,THR,3,0.010831,0.010890,-0.000059,
164,A:227,GLY,3,0.011677,0.011737,-0.000060,
165,A:252,ARG,1,0.113825,0.113886,-0.000061,
166,A:288,ASN,4,0.024099,0.024161,-0.000062,
167,A:277,GLU,3,0.039591,0.039654,-0.000064,
168,A:26,LYS,3,0.035243,0.035307,-0.000064,
169,A:177,ALA,2,0.035121,0.035185,-0.000065,
170,A:144,ASN,3,0.038435,0.038499,-0.000065,
171,A:178,LEU,2,0.029371,0.029436,-0.000065,
172,A:148,ASP,3,0.017736,0.017802,-0.000065,
173,A:137,ILE,1,0.114539,0.114606,-0.000067,
174,A:174,GLY,2,0.051246,0.051313,-0.000067,
175,A:95,GLN,3,0.058167,0.058237,-0.000070,
176,A:141,THR,2,0.071999,0.072069,-0.000071,
177,A:25,ARG,3,0.031188,0.031259,-0.000072,
178,A:229,ASP,3,0.008447,0.008519,-0.000072,
179,A:246,VAL,3,0.015173,0.015250,-0.000077,
180,A:289,ASN,4,0.027734,0.027811,-0.000078,
181,A:168,VAL,2,0.038827,0.038907,-0.000080,
182,A:6,VAL,2,0.100112,0.100196,-0.000084,
183,A:167,GLU,2,0.020607,0.020694,-0.000087,
184,A:273,GLU,3,0.041682,0.041772,-0.000089,
185,A:222,GLU,1,0.057237,0.057327,-0.000089,
186,A:17,ASN,2,0.073375,0.073468,-0.000093,
187,A:36,GLY,2,0.086122,0.086220,-0.000097,
188,A:136,THR,1,0.163984,0.164083,-0.000098,
189,A:247,LEU,2,0.031474,0.031573,-0.000098,
190,A:142,ALA,2,0.072523,0.072622,-0.000099,
191,A:267,LEU,2,0.070072,0.070173,-0.000101,
192,A:56,ASP,4,0.021698,0.021803,-0.000105,
193,A:266,ARG,3,0.048585,0.048691,-0.000106,
194,A:47,GLY,2,0.145364,0.145471,-0.000108,
195,A:226,SER,2,0.017074,0.017189,-0.000114,
196,A:309,GLN,3,0.015629,0.015753,-0.000124,
197,A:175,ASP,1,0.082437,0.082563,-0.000126,
198,A:5,GLY,2,0.083313,0.083442,-0.000129,
199,A:119,CYS,1,0.159173,0.159302,-0.000129,
200,A:223,GLY,1,0.071986,0.072117,-0.000130,
201,A:79,GLU,1,0.226159,0.226289,-0.000131,
202,A:290,GLN,4,0.032231,0.032368,-0.000137,
203,A:140,ASP,2,0.059723,0.059862,-0.000138,
204,A:225,GLY,2,0.026536,0.026675,-0.000139,
205,A:51,LYS,3,0.040121,0.040260,-0.000140,
206,A:63,ARG,2,0.054835,0.054976,-0.000141,
207,A:65,GLY,1,0.104345,0.104486,-0.000141,
208,A:15,GLY,1,0.094286,0.094432,-0.000146,
209,A:179,TRP,2,0.029151,0.029298,-0.000147,
210,A:59,ASP,3,0.026698,0.026848,-0.000150,
211,A:308,ASP,3,0.013290,0.013444,-0.000154,
212,A:66,THR,1,0.138395,0.138552,-0.000157,
213,A:170,GLY,1,0.093290,0.093458,-0.000168,
214,A:268,GLY,2,0.068191,0.068367,-0.000176,
215,A:271,ALA,2,0.073240,0.073416,-0.000176,
216,A:294,HIS,2,0.096124,0.096306,-0.000182,
217,A:139,PHE,1,0.103151,0.103335,-0.000184,
218,A:50,LYS,3,0.073893,0.074081,-0.000187,
219,A:97,LEU,1,0.118000,0.118192,-0.000192,
220,A:297,ALA,2,0.126609,0.126803,-0.000194,
221,A:120,VAL,1,0.113363,0.113560,-0.000197,
222,A:193,GLU,2,0.034976,0.035173,-0.000197,
223,A:306,THR,2,0.046163,0.046360,-0.000197,
224,A:133,THR,2,0.095434,0.095632,-0.000198,
225,A:307,ILE,2,0.039216,0.039416,-0.000200,
226,A:130,ILE,1,0.198177,0.198378,-0.000202,
227,A:21,ARG,2,0.048733,0.048942,-0.000209,
228,A:270,ARG,3,0.054119,0.054329,-0.000210,
229,A:90,LYS,2,0.081114,0.081325,-0.000211,
230,A:284,VAL,2,0.086473,0.086684,-0.000211,
231,A:13,SER,1,0.154746,0.154959,-0.000214,
232,A:285,GLY,2,0.074105,0.074320,-0.000215,
233,A:295,ASP,2,0.105568,0.105786,-0.000218,
234,A:38,TYR,2,0.141742,0.141962,-0.000220,
235,A:279,LYS,2,0.069587,0.069810,-0.000222,
236,A:115,HIS,1,0.185669,0.185895,-0.000226,
237,A:87,GLU,2,0.122688,0.122914,-0.000226,
238,A:64,GLY,1,0.094924,0.095151,-0.000227,
239,A:80,GLU,1,0.253143,0.253380,-0.000237,
240,A:19,ALA,1,0.095409,0.095646,-0.000237,
241,A:44,LEU,1,0.216458,0.216700,-0.000242,
242,A:70,THR,1,0.258025,0.258276,-0.000251,
243,A:304,LYS,2,0.072322,0.072581,-0.000259,
244,A:250,VAL,2,0.048600,0.048860,-0.000260,
245,A:253,GLY,1,0.090139,0.090404,-0.000265,
246,A:287,GLN,3,0.047851,0.048122,-0.000271,
247,A:132,GLY,2,0.101784,0.102057,-0.000273,
248,A:293,ASP,2,0.071964,0.072240,-0.000275,
249,A:296,ILE,1,0.156970,0.157247,-0.000277,
250,A:85,GLY,1,0.198734,0.199019,-0.000285,
251,A:173,ALA,1,0.097490,0.097779,-0.000289,
252,A:134,ASP,3,0.046238,0.046542,-0.000303,
253,A:7,LEU,1,0.171413,0.171720,-0.000307,
254,A:69,TYR,1,0.182251,0.182561,-0.000310,
255,A:113,THR,1,0.168433,0.168743,-0.000310,
256,A:299,ALA,1,0.130973,0.131285,-0.000312,
257,A:282,ARG,2,0.097297,0.097622,-0.000324,
258,A:248,GLY,2,0.045100,0.045424,-0.000325,
259,A:251,GLN,2,0.057812,0.058136,-0.000325,
260,A:126,ILE,1,0.108352,0.108685,-0.000333,
261,A:127,ASP,1,0.136413,0.136777,-0.000365,
262,A:305,HIS,1,0.110327,0.110712,-0.000384,
263,A:112,LEU,1,0.205386,0.205777,-0.000392,
264,A:88,GLN,2,0.135687,0.136086,-0.000398,
265,A:281,GLY,1,0.130350,0.130753,-0.000403,
266,A:169,MET,1,0.078786,0.079196,-0.000409,
267,A:84,LYS,1,0.216414,0.216825,-0.000411,
268,A:128,ASN,1,0.131412,0.131825,-0.000413,
269,A:131,PRO,1,0.137534,0.137948,-0.000413,
270,A:121,GLY,1,0.178022,0.178438,-0.000416,
271,A:45,ILE,1,0.263635,0.264054,-0.000420,
272,A:100,ILE,1,0.155122,0.155550,-0.000428,
273,A:249,HIS,2,0.055661,0.056090,-0.000429,
274,A:122,VAL,1,0.127352,0.127784,-0.000432,
275,A:39,HIS,1,0.198649,0.199094,-0.000445,
276,A:283,CYS,1,0.135050,0.135499,-0.000449,
277,A:81,GLY,1,0.289525,0.289987,-0.000462,
278,A:172,HIS,1,0.119524,0.119989,-0.000465,
279,A:298,GLU,2,0.108809,0.109294,-0.000486,
280,A:114,GLU,1,0.185335,0.185826,-0.000491,
281,A:123,PRO,1,0.159700,0.160192,-0.000491,
282,A:16,MET,1,0.133635,0.134129,-0.000494,
283,A:138,GLY,1,0.110432,0.110927,-0.000495,
284,A:303,ASN,2,0.101744,0.102271,-0.000527,
285,A:48,ASN,2,0.154864,0.155409,-0.000544,
286,A:40,GLY,1,0.242508,0.243106,-0.000599,
287,A:99,VAL,1,0.217384,0.217999,-0.000615,
288,A:300,LEU,1,0.194255,0.194897,-0.000641,
289,A:43,GLY,1,0.225583,0.226228,-0.000645,
290,A:110,LYS,1,0.231646,0.232300,-0.000654,
291,A:78,THR,1,0.322297,0.323121,-0.000824,
292,A:42,ALA,1,0.307496,0.308326,-0.000830,
