rank,residue,resname,hops_from_start,quantum_at_gamma_3.162,classical_at_rate_0.3366,quantum_minus_classical,known_allosteric
1,A:71,LYS,1,0.182725,0.169271,0.013454,
2,A:50,TYR,1,0.179706,0.170018,0.009688,
3,A:52,GLU,1,0.211658,0.203342,0.008316,
4,A:167,GLU,1,0.137063,0.129784,0.007280,
5,A:158,LYS,1,0.097115,0.090253,0.006862,
6,A:156,ASP,1,0.094188,0.087454,0.006733,
7,A:49,LYS,1,0.197496,0.191120,0.006376,
8,A:159,PRO,1,0.111984,0.106108,0.005876,
9,A:122,LYS,1,0.121704,0.117148,0.004556,
10,A:313,LEU,4,0.066288,0.061760,0.004528,
11,A:298,LEU,5,0.060887,0.056549,0.004339,
12,A:30,VAL,4,0.109826,0.105607,0.004219,
13,A:125,TYR,1,0.099442,0.095349,0.004093,
14,A:44,LYS,1,0.206242,0.202439,0.003803,
15,A:97,LEU,1,0.138343,0.134564,0.003778,
16,A:78,ILE,2,0.122465,0.118835,0.003630,
17,A:293,VAL,4,0.060497,0.057395,0.003101,
18,A:177,GLY,1,0.112780,0.109725,0.003055,
19,A:301,LEU,4,0.062117,0.059135,0.002982,
20,A:285,VAL,4,0.056903,0.053972,0.002931,
21,A:31,VAL,3,0.120961,0.118055,0.002905,
22,A:305,LEU,4,0.060710,0.057810,0.002900,
23,A:304,LEU,4,0.063623,0.060743,0.002880,
24,A:196,TYR,2,0.065287,0.062465,0.002823,
25,A:154,HIS,2,0.090895,0.088105,0.002790,
26,A:238,ASN,3,0.053064,0.050321,0.002743,
27,A:194,SER,1,0.080761,0.078147,0.002614,
28,A:258,ILE,5,0.044447,0.041865,0.002582,
29,A:221,MET,2,0.081200,0.078742,0.002458,
30,A:204,VAL,4,0.049089,0.046641,0.002448,
31,A:272,ILE,5,0.040597,0.038201,0.002395,
32,A:236,HIS,4,0.050684,0.048334,0.002350,
33,A:273,LEU,5,0.041874,0.039550,0.002323,
34,A:241,GLN,3,0.052907,0.050656,0.002251,
35,A:239,TYR,4,0.047313,0.045066,0.002247,
36,A:55,GLU,1,0.181294,0.179097,0.002197,
37,A:240,ASP,4,0.049357,0.047163,0.002194,
38,A:265,LEU,5,0.041168,0.039054,0.002114,
39,A:249,LEU,5,0.046797,0.044712,0.002084,
40,A:269,PHE,5,0.039346,0.037294,0.002052,
41,A:106,SER,3,0.143662,0.141638,0.002024,
42,A:300,PHE,4,0.061960,0.059995,0.001965,
43,A:70,LEU,1,0.159435,0.157500,0.001935,
44,A:243,VAL,4,0.046578,0.044646,0.001933,
45,A:237,ASP,4,0.049619,0.047687,0.001931,
46,A:161,ASN,1,0.112604,0.110686,0.001918,
47,A:166,HIS,1,0.131489,0.129572,0.001917,
48,A:59,ILE,3,0.153915,0.152045,0.001870,
49,A:152,ILE,3,0.085272,0.083436,0.001836,
50,A:73,VAL,2,0.138753,0.136943,0.001810,
51,A:242,LEU,4,0.047734,0.045944,0.001790,
52,A:263,ILE,5,0.045026,0.043248,0.001778,
53,A:254,LEU,5,0.044713,0.042947,0.001766,
54,A:190,VAL,3,0.056692,0.054980,0.001711,
55,A:153,MET,3,0.077451,0.075760,0.001692,
56,A:200,PRO,4,0.051812,0.050128,0.001683,
57,A:15,VAL,4,0.070990,0.069335,0.001655,
58,A:274,GLY,6,0.039157,0.037557,0.001600,
59,A:2,SER,7,0.038659,0.037075,0.001584,
60,A:233,PHE,3,0.055851,0.054390,0.001462,
61,A:181,PHE,3,0.080170,0.078741,0.001428,
62,A:318,ALA,4,0.066217,0.064827,0.001391,
63,A:13,THR,5,0.063501,0.062117,0.001383,
64,A:9,ALA,4,0.062674,0.061292,0.001383,
65,A:11,VAL,4,0.066123,0.064812,0.001310,
66,A:248,VAL,4,0.046688,0.045388,0.001300,
67,A:284,PHE,4,0.054632,0.053333,0.001299,
68,A:84,ILE,2,0.100235,0.098950,0.001286,
69,A:5,VAL,6,0.044993,0.043735,0.001257,
70,A:203,LEU,3,0.052153,0.050899,0.001254,
71,A:34,GLY,3,0.137839,0.136693,0.001147,
72,A:251,THR,6,0.041361,0.040220,0.001141,
73,A:141,LEU,3,0.078365,0.077276,0.001089,
74,A:33,TRP,3,0.131864,0.130816,0.001048,
75,A:255,TYR,6,0.042153,0.041119,0.001034,
76,A:226,ILE,3,0.064595,0.063586,0.001009,
77,A:257,TYR,5,0.044316,0.043314,0.001002,
78,A:54,PHE,1,0.190828,0.189836,0.000992,
79,A:20,PRO,4,0.076803,0.075811,0.000992,
80,A:222,LEU,3,0.067338,0.066360,0.000979,
81,A:82,ILE,2,0.115556,0.114593,0.000963,
82,A:128,LEU,2,0.084135,0.083175,0.000961,
83,A:246,ALA,5,0.043917,0.042962,0.000955,
84,A:224,SER,2,0.071108,0.070186,0.000923,
85,A:297,ALA,4,0.060461,0.059581,0.000881,
86,A:235,GLY,3,0.052730,0.051892,0.000838,
87,A:100,ILE,2,0.136341,0.135518,0.000823,
88,A:111,LEU,1,0.147345,0.146567,0.000778,
89,A:307,TYR,5,0.047472,0.046697,0.000775,
90,A:261,TYR,5,0.044338,0.043592,0.000745,
91,A:43,ARG,1,0.187605,0.186878,0.000727,
92,A:198,LYS,2,0.062105,0.061379,0.000726,
93,A:202,LEU,3,0.056628,0.055908,0.000721,
94,A:3,GLY,6,0.040817,0.040121,0.000696,
95,A:4,PRO,5,0.044950,0.044309,0.000641,
96,A:105,VAL,3,0.138742,0.138101,0.000641,
97,A:109,PRO,2,0.140582,0.139948,0.000634,
98,A:185,GLY,5,0.056212,0.055581,0.000631,
99,A:214,ASP,3,0.072087,0.071480,0.000607,
100,A:277,SER,6,0.040772,0.040173,0.000599,
101,A:168,HIS,2,0.123378,0.122814,0.000565,
102,A:215,MET,3,0.066020,0.065472,0.000549,
103,A:253,ASP,6,0.043898,0.043349,0.000548,
104,A:206,TYR,4,0.050280,0.049765,0.000515,
105,A:244,ARG,4,0.047707,0.047210,0.000497,
106,A:213,LEU,3,0.064465,0.063973,0.000491,
107,A:98,ALA,1,0.150151,0.149687,0.000464,
108,A:256,ASP,6,0.042908,0.042444,0.000463,
109,A:218,LEU,3,0.071469,0.071010,0.000459,
110,A:6,PRO,5,0.050132,0.049691,0.000442,
111,A:17,THR,5,0.066430,0.066015,0.000415,
112,A:332,ALA,3,0.092772,0.092372,0.000399,
113,A:229,LYS,3,0.061425,0.061033,0.000392,
114,A:220,CYS,3,0.064977,0.064586,0.000391,
115,A:7,SER,5,0.052874,0.052489,0.000385,
116,A:259,ASP,6,0.041592,0.041210,0.000382,
117,A:275,ARG,6,0.038997,0.038616,0.000381,
118,A:12,TYR,4,0.067969,0.067621,0.000347,
119,A:267,PRO,6,0.036079,0.035742,0.000337,
120,A:232,PHE,3,0.060391,0.060059,0.000332,
121,A:227,PHE,3,0.060656,0.060327,0.000329,
122,A:184,PRO,4,0.061727,0.061410,0.000317,
123,A:162,VAL,1,0.117699,0.117385,0.000314,
124,A:276,HIS,6,0.040725,0.040420,0.000305,
125,A:211,TYR,3,0.067910,0.067647,0.000264,
126,A:223,ALA,3,0.062932,0.062708,0.000224,
127,A:250,GLY,5,0.042214,0.041996,0.000218,
128,A:199,GLY,3,0.060017,0.059813,0.000205,
129,A:245,ILE,4,0.046548,0.046353,0.000195,
130,A:155,ARG,2,0.078697,0.078529,0.000168,
131,A:231,PRO,3,0.060748,0.060591,0.000157,
132,A:262,ASN,6,0.041180,0.041044,0.000136,
133,A:208,MET,4,0.053491,0.053355,0.000136,
134,A:252,GLU,6,0.040834,0.040734,0.000099,
135,A:216,TRP,3,0.062392,0.062301,0.000092,
136,A:314,THR,4,0.064895,0.064812,0.000083,
137,A:260,LYS,6,0.042315,0.042265,0.000051,
138,A:295,PRO,5,0.057221,0.057181,0.000039,
139,A:72,PRO,2,0.148593,0.148590,0.000003,
140,A:151,GLY,3,0.074764,0.074761,0.000003,
141,A:201,GLU,4,0.053447,0.053450,-0.000003,
142,A:225,MET,2,0.071524,0.071529,-0.000005,
143,A:8,ARG,5,0.056385,0.056397,-0.000012,
144,A:230,GLU,3,0.064793,0.064829,-0.000036,
145,A:315,ALA,3,0.068410,0.068513,-0.000104,
146,A:110,ALA,1,0.151974,0.152078,-0.000104,yes
147,A:281,TRP,5,0.050990,0.051120,-0.000130,
148,A:23,TYR,3,0.079032,0.079164,-0.000131,
149,A:209,TYR,4,0.055165,0.055302,-0.000137,
150,A:219,GLY,3,0.064517,0.064675,-0.000158,
151,A:266,ASP,6,0.036288,0.036501,-0.000213,
152,A:85,LEU,1,0.113215,0.113529,-0.000313,
153,A:294,SER,4,0.059162,0.059541,-0.000379,
154,A:32,GLU,3,0.122658,0.123058,-0.000400,
155,A:212,SER,4,0.060351,0.060764,-0.000413,
156,A:310,GLN,5,0.053470,0.053887,-0.000417,
157,A:69,ILE,1,0.170667,0.171094,-0.000427,yes
158,A:149,SER,3,0.075647,0.076079,-0.000432,
159,A:14,ASP,5,0.064595,0.065035,-0.000440,
160,A:140,ILE,2,0.087850,0.088321,-0.000471,
161,A:144,LEU,2,0.079339,0.079841,-0.000502,
162,A:101,VAL,2,0.141757,0.142282,-0.000524,yes
163,A:24,TRP,3,0.079332,0.079888,-0.000556,
164,A:197,PHE,2,0.069708,0.070285,-0.000576,
165,A:278,ARG,5,0.041666,0.042269,-0.000604,
166,A:292,LEU,3,0.061356,0.061999,-0.000643,
167,A:322,PRO,5,0.060357,0.061021,-0.000665,
168,A:271,ASP,6,0.035567,0.036241,-0.000674,
169,A:308,ASP,5,0.047441,0.048147,-0.000706,
170,A:217,SER,2,0.069818,0.070525,-0.000707,
171,A:270,ASN,6,0.035839,0.036546,-0.000707,
172,A:169,ARG,2,0.113842,0.114553,-0.000711,
173,A:19,ARG,4,0.070501,0.071213,-0.000711,
174,A:182,TYR,3,0.068785,0.069497,-0.000712,
175,A:108,THR,2,0.148614,0.149340,-0.000726,
176,A:324,PHE,4,0.066708,0.067450,-0.000742,
177,A:127,THR,2,0.090764,0.091574,-0.000810,
178,A:183,HIS,4,0.065640,0.066480,-0.000840,
179,A:302,ASP,5,0.055541,0.056384,-0.000843,
180,A:309,HIS,4,0.053924,0.054779,-0.000855,
181,A:150,MET,3,0.080845,0.081717,-0.000871,
182,A:16,ASN,4,0.069835,0.070716,-0.000880,
183,A:279,LYS,5,0.043686,0.044595,-0.000909,
184,A:88,LEU,2,0.096664,0.097594,-0.000930,
185,A:268,ARG,6,0.034685,0.035622,-0.000937,
186,A:133,ILE,2,0.073816,0.074779,-0.000962,
187,A:264,GLU,5,0.040641,0.041608,-0.000967,
188,A:311,SER,5,0.051087,0.052064,-0.000977,
189,A:247,LYS,5,0.042307,0.043301,-0.000995,
190,A:296,GLU,5,0.058357,0.059422,-0.001065,
191,A:299,ASP,5,0.057500,0.058622,-0.001122,
192,A:195,ARG,2,0.060042,0.061193,-0.001151,
193,A:112,VAL,1,0.153157,0.154329,-0.001172,
194,A:18,HIS,5,0.065491,0.066693,-0.001201,
195,A:104,PRO,3,0.137514,0.138728,-0.001214,yes
196,A:193,ALA,2,0.070916,0.072155,-0.001238,
197,A:186,GLN,4,0.057425,0.058685,-0.001261,
198,A:321,HIS,5,0.060678,0.061967,-0.001289,
199,A:280,ARG,6,0.044847,0.046192,-0.001345,
200,A:93,ASN,2,0.098110,0.099473,-0.001364,
201,A:234,HIS,3,0.052549,0.053918,-0.001369,
202,A:148,HIS,3,0.072793,0.074195,-0.001402,
203,A:210,ASP,4,0.058868,0.060285,-0.001417,
204,A:10,ARG,5,0.058001,0.059420,-0.001419,
205,A:287,SER,5,0.052595,0.054024,-0.001429,
206,A:187,GLU,4,0.052774,0.054215,-0.001441,
207,A:323,TYR,4,0.061564,0.063031,-0.001467,
208,A:329,LYS,5,0.070156,0.071641,-0.001486,
209,A:317,GLU,4,0.061993,0.063528,-0.001535,
210,A:22,GLU,4,0.081794,0.083333,-0.001539,
211,A:319,MET,4,0.067798,0.069360,-0.001561,
212,A:57,ILE,2,0.158318,0.159959,-0.001642,
213,A:306,ARG,5,0.051152,0.052811,-0.001659,
214,A:147,CYS,2,0.084393,0.086093,-0.001700,
215,A:28,SER,4,0.091242,0.092947,-0.001705,
216,A:303,LYS,5,0.056727,0.058441,-0.001714,
217,A:205,ASP,4,0.046826,0.048561,-0.001735,
218,A:291,HIS,4,0.057055,0.058791,-0.001736,
219,A:286,HIS,4,0.052839,0.054718,-0.001879,
220,A:179,ALA,2,0.089970,0.091851,-0.001880,
221,A:137,MET,3,0.073852,0.075759,-0.001907,
222,A:60,THR,3,0.147138,0.149049,-0.001910,
223,A:207,GLN,4,0.051002,0.052935,-0.001933,
224,A:290,GLN,4,0.053856,0.055803,-0.001947,
225,A:288,GLU,4,0.053703,0.055677,-0.001974,
226,A:316,ARG,4,0.063927,0.066029,-0.002102,
227,A:312,ARG,4,0.055211,0.057343,-0.002132,
228,A:334,MET,2,0.106075,0.108274,-0.002199,
229,A:328,VAL,4,0.067627,0.069834,-0.002207,
230,A:330,ASP,4,0.074082,0.076303,-0.002221,
231,A:320,GLU,5,0.061923,0.064170,-0.002247,
232,A:289,ASN,4,0.055199,0.057506,-0.002308,
233,A:173,LEU,1,0.102819,0.105128,-0.002309,
234,A:180,GLU,2,0.078411,0.080721,-0.002311,
235,A:192,VAL,2,0.065182,0.067501,-0.002320,
236,A:325,TYR,5,0.062294,0.064631,-0.002336,
237,A:136,TYR,2,0.089324,0.091697,-0.002373,
238,A:157,VAL,2,0.080045,0.082433,-0.002388,
239,A:129,THR,3,0.071169,0.073620,-0.002451,
240,A:115,HIS,1,0.165333,0.167802,-0.002469,
241,A:146,TYR,2,0.084751,0.087226,-0.002475,
242,A:61,ASN,3,0.147760,0.150249,-0.002489,
243,A:188,TYR,3,0.055974,0.058475,-0.002501,
244,A:65,VAL,1,0.159222,0.161776,-0.002554,
245,A:327,VAL,4,0.068810,0.071391,-0.002581,
246,A:283,ARG,5,0.046141,0.048870,-0.002729,
247,A:21,ARG,4,0.076308,0.079111,-0.002803,
248,A:165,ASP,1,0.135459,0.138305,-0.002846,
249,A:107,ARG,3,0.137261,0.140119,-0.002858,
250,A:99,ASP,2,0.141669,0.144610,-0.002940,
251,A:138,TYR,3,0.074360,0.077316,-0.002956,
252,A:282,GLU,5,0.048428,0.051416,-0.002988,
253,A:102,LYS,2,0.137840,0.140895,-0.003055,
254,A:142,LYS,3,0.080641,0.083701,-0.003060,
255,A:25,ASP,4,0.083984,0.087054,-0.003070,
256,A:26,TYR,3,0.093209,0.096306,-0.003097,
257,A:143,ALA,2,0.089740,0.092961,-0.003222,
258,A:38,ASP,3,0.141509,0.144743,-0.003234,
259,A:326,THR,4,0.065096,0.068350,-0.003254,
260,A:67,VAL,1,0.168279,0.171567,-0.003289,yes
261,A:228,ARG,3,0.060680,0.063979,-0.003299,
262,A:131,TYR,3,0.069620,0.072949,-0.003328,
263,A:63,GLU,2,0.152558,0.155900,-0.003342,
264,A:171,LEU,1,0.109523,0.112984,-0.003461,
265,A:164,ILE,1,0.127686,0.131467,-0.003781,
266,A:139,GLU,2,0.083848,0.087694,-0.003846,
267,A:331,GLN,4,0.076783,0.080648,-0.003865,
268,A:91,GLY,2,0.092244,0.096167,-0.003923,
269,A:121,PHE,1,0.114009,0.117992,-0.003983,
270,A:92,PRO,2,0.089431,0.093439,-0.004008,
271,A:145,ASP,3,0.072272,0.076460,-0.004188,
272,A:103,ASP,2,0.139874,0.144077,-0.004203,yes
273,A:41,LEU,2,0.170249,0.174485,-0.004236,yes
274,A:170,LYS,1,0.121269,0.125545,-0.004276,
275,A:87,ASN,2,0.091263,0.095729,-0.004466,
276,A:130,ASP,3,0.064479,0.069009,-0.004530,
277,A:36,GLN,2,0.137951,0.142534,-0.004584,
278,A:132,ASP,3,0.071738,0.076337,-0.004599,
279,A:90,GLY,2,0.099476,0.104175,-0.004699,
280,A:189,ASN,3,0.051898,0.056613,-0.004714,
281,A:178,LEU,1,0.086232,0.090952,-0.004719,
282,A:56,ALA,1,0.162124,0.166896,-0.004772,
283,A:35,ASN,3,0.136862,0.141725,-0.004863,
284,A:135,PHE,3,0.075369,0.080341,-0.004972,
285,A:62,ASN,3,0.148753,0.153768,-0.005015,
286,A:37,ASP,3,0.137524,0.142603,-0.005079,
287,A:176,TRP,1,0.105406,0.110533,-0.005127,
288,A:27,GLU,4,0.091235,0.096440,-0.005206,
289,A:83,LYS,2,0.095882,0.101340,-0.005457,
290,A:42,VAL,2,0.165578,0.171047,-0.005469,
291,A:58,ASN,2,0.148881,0.154363,-0.005482,
292,A:79,LYS,3,0.101252,0.106737,-0.005485,
293,A:134,ARG,3,0.067780,0.073349,-0.005570,
294,A:77,LYS,2,0.106461,0.112394,-0.005933,
295,A:29,HIS,3,0.093225,0.099206,-0.005981,
296,A:39,TYR,2,0.147360,0.153447,-0.006087,yes
297,A:76,LYS,3,0.100468,0.106689,-0.006221,
298,A:124,LEU,1,0.108771,0.115147,-0.006376,
299,A:64,LYS,2,0.155700,0.162092,-0.006392,
300,A:81,GLU,2,0.103086,0.109838,-0.006752,
301,A:191,ARG,3,0.050287,0.057068,-0.006780,
302,A:94,ILE,1,0.098335,0.105136,-0.006800,
303,A:114,GLU,1,0.152687,0.159707,-0.007019,
304,A:126,GLN,2,0.073707,0.080954,-0.007247,
305,A:40,GLN,2,0.153357,0.160989,-0.007632,yes
306,A:80,ARG,2,0.095253,0.103160,-0.007907,
307,A:86,GLU,2,0.098931,0.106862,-0.007930,
308,A:96,THR,1,0.124971,0.133639,-0.008668,
309,A:89,ARG,2,0.099820,0.108618,-0.008798,
310,A:333,ARG,3,0.081219,0.090838,-0.009619,
311,A:172,ARG,1,0.114535,0.124349,-0.009814,
312,A:75,LYS,3,0.104582,0.114426,-0.009844,
313,A:74,LYS,3,0.105010,0.115699,-0.010690,
