rank,residue,resname,signal_from_active_site_at_gamma_3.162,contacts,known_allosteric
1,A:52,GLU,0.211658,10,
2,A:44,LYS,0.206242,9,
3,A:49,LYS,0.197496,4,
4,A:54,PHE,0.190828,14,
5,A:43,ARG,0.187605,6,
6,A:71,LYS,0.182725,9,
7,A:55,GLU,0.181294,14,
8,A:50,TYR,0.179706,7,
9,A:69,ILE,0.170667,13,yes
10,A:41,LEU,0.170249,9,yes
11,A:67,VAL,0.168279,14,yes
12,A:42,VAL,0.165578,8,
13,A:115,HIS,0.165333,9,
14,A:56,ALA,0.162124,13,
15,A:70,LEU,0.159435,12,
16,A:65,VAL,0.159222,15,
17,A:57,ILE,0.158318,11,
18,A:64,LYS,0.155700,9,
19,A:59,ILE,0.153915,7,
20,A:40,GLN,0.153357,6,yes
21,A:112,VAL,0.153157,14,
22,A:114,GLU,0.152687,8,
23,A:63,GLU,0.152558,8,
24,A:110,ALA,0.151974,14,yes
25,A:98,ALA,0.150151,7,
26,A:58,ASN,0.148881,12,
27,A:62,ASN,0.148753,6,
28,A:108,THR,0.148614,10,
29,A:72,PRO,0.148593,5,
30,A:61,ASN,0.147760,4,
31,A:39,TYR,0.147360,16,yes
32,A:111,LEU,0.147345,13,
33,A:60,THR,0.147138,5,
34,A:106,SER,0.143662,5,
35,A:101,VAL,0.141757,13,yes
36,A:99,ASP,0.141669,9,
37,A:38,ASP,0.141509,10,
38,A:109,PRO,0.140582,12,
39,A:103,ASP,0.139874,11,yes
40,A:73,VAL,0.138753,8,
41,A:105,VAL,0.138742,4,
42,A:97,LEU,0.138343,12,
43,A:36,GLN,0.137951,10,
44,A:102,LYS,0.137840,9,
45,A:34,GLY,0.137839,8,
46,A:37,ASP,0.137524,4,
47,A:104,PRO,0.137514,5,yes
48,A:107,ARG,0.137261,6,
49,A:167,GLU,0.137063,6,
50,A:35,ASN,0.136862,6,
51,A:100,ILE,0.136341,12,
52,A:165,ASP,0.135459,11,
53,A:33,TRP,0.131864,6,
54,A:166,HIS,0.131489,7,
55,A:164,ILE,0.127686,12,
56,A:96,THR,0.124971,8,
57,A:168,HIS,0.123378,6,
58,A:32,GLU,0.122658,5,
59,A:78,ILE,0.122465,11,
60,A:122,LYS,0.121704,9,
61,A:170,LYS,0.121269,8,
62,A:31,VAL,0.120961,8,
63,A:162,VAL,0.117699,15,
64,A:82,ILE,0.115556,15,
65,A:172,ARG,0.114535,11,
66,A:121,PHE,0.114009,13,
67,A:169,ARG,0.113842,9,
68,A:85,LEU,0.113215,12,
69,A:177,GLY,0.112780,10,
70,A:161,ASN,0.112604,11,
71,A:159,PRO,0.111984,10,
72,A:30,VAL,0.109826,4,
73,A:171,LEU,0.109523,14,
74,A:124,LEU,0.108771,10,
75,A:77,LYS,0.106461,9,
76,A:334,MET,0.106075,5,
77,A:176,TRP,0.105406,11,
78,A:74,LYS,0.105010,5,
79,A:75,LYS,0.104582,6,
80,A:81,GLU,0.103086,12,
81,A:173,LEU,0.102819,14,
82,A:79,LYS,0.101252,12,
83,A:76,LYS,0.100468,8,
84,A:84,ILE,0.100235,15,
85,A:89,ARG,0.099820,9,
86,A:90,GLY,0.099476,6,
87,A:125,TYR,0.099442,13,
88,A:86,GLU,0.098931,8,
89,A:94,ILE,0.098335,13,
90,A:93,ASN,0.098110,12,
91,A:158,LYS,0.097115,13,
92,A:88,LEU,0.096664,13,
93,A:83,LYS,0.095882,11,
94,A:80,ARG,0.095253,12,
95,A:156,ASP,0.094188,14,
96,A:29,HIS,0.093225,10,
97,A:26,TYR,0.093209,12,
98,A:332,ALA,0.092772,5,
99,A:91,GLY,0.092244,9,
100,A:87,ASN,0.091263,9,
101,A:28,SER,0.091242,6,
102,A:27,GLU,0.091235,6,
103,A:154,HIS,0.090895,13,
104,A:127,THR,0.090764,4,
105,A:179,ALA,0.089970,13,
106,A:143,ALA,0.089740,15,
107,A:92,PRO,0.089431,8,
108,A:136,TYR,0.089324,14,
109,A:140,ILE,0.087850,15,
110,A:178,LEU,0.086232,10,
111,A:152,ILE,0.085272,13,
112,A:146,TYR,0.084751,13,
113,A:147,CYS,0.084393,16,
114,A:128,LEU,0.084135,10,
115,A:25,ASP,0.083984,8,
116,A:139,GLU,0.083848,11,
117,A:22,GLU,0.081794,7,
118,A:333,ARG,0.081219,3,
119,A:221,MET,0.081200,16,
120,A:150,MET,0.080845,9,
121,A:194,SER,0.080761,8,
122,A:142,LYS,0.080641,11,
123,A:181,PHE,0.080170,10,
124,A:157,VAL,0.080045,14,
125,A:144,LEU,0.079339,16,
126,A:24,TRP,0.079332,11,
127,A:23,TYR,0.079032,8,
128,A:155,ARG,0.078697,11,
129,A:180,GLU,0.078411,11,
130,A:141,LEU,0.078365,12,
131,A:153,MET,0.077451,14,
132,A:20,PRO,0.076803,4,
133,A:331,GLN,0.076783,4,
134,A:21,ARG,0.076308,5,
135,A:149,SER,0.075647,8,
136,A:135,PHE,0.075369,11,
137,A:151,GLY,0.074764,13,
138,A:138,TYR,0.074360,12,
139,A:330,ASP,0.074082,6,
140,A:137,MET,0.073852,14,
141,A:133,ILE,0.073816,14,
142,A:126,GLN,0.073707,8,
143,A:148,HIS,0.072793,16,
144,A:145,ASP,0.072272,12,
145,A:214,ASP,0.072087,14,
146,A:132,ASP,0.071738,8,
147,A:225,MET,0.071524,13,
148,A:218,LEU,0.071469,15,
149,A:129,THR,0.071169,5,
150,A:224,SER,0.071108,15,
151,A:15,VAL,0.070990,11,
152,A:193,ALA,0.070916,14,
153,A:19,ARG,0.070501,7,
154,A:329,LYS,0.070156,5,
155,A:16,ASN,0.069835,11,
156,A:217,SER,0.069818,15,
157,A:197,PHE,0.069708,14,
158,A:131,TYR,0.069620,7,
159,A:327,VAL,0.068810,10,
160,A:182,TYR,0.068785,15,
161,A:315,ALA,0.068410,14,
162,A:12,TYR,0.067969,10,
163,A:211,TYR,0.067910,15,
164,A:319,MET,0.067798,11,
165,A:134,ARG,0.067780,12,
166,A:328,VAL,0.067627,7,
167,A:222,LEU,0.067338,14,
168,A:324,PHE,0.066708,13,
169,A:17,THR,0.066430,7,
170,A:313,LEU,0.066288,10,
171,A:318,ALA,0.066217,15,
172,A:11,VAL,0.066123,9,
173,A:215,MET,0.066020,15,
174,A:183,HIS,0.065640,8,
175,A:18,HIS,0.065491,5,
176,A:196,TYR,0.065287,12,
177,A:192,VAL,0.065182,12,
178,A:326,THR,0.065096,6,
179,A:220,CYS,0.064977,14,
180,A:314,THR,0.064895,13,
181,A:230,GLU,0.064793,6,
182,A:14,ASP,0.064595,7,
183,A:226,ILE,0.064595,13,
184,A:219,GLY,0.064517,11,
185,A:130,ASP,0.064479,10,
186,A:213,LEU,0.064465,16,
187,A:316,ARG,0.063927,8,
188,A:304,LEU,0.063623,14,
189,A:13,THR,0.063501,8,
190,A:223,ALA,0.062932,14,
191,A:9,ALA,0.062674,11,
192,A:216,TRP,0.062392,16,
193,A:325,TYR,0.062294,7,
194,A:301,LEU,0.062117,13,
195,A:198,LYS,0.062105,14,
196,A:317,GLU,0.061993,9,
197,A:300,PHE,0.061960,14,
198,A:320,GLU,0.061923,6,
199,A:184,PRO,0.061727,9,
200,A:323,TYR,0.061564,11,
201,A:229,LYS,0.061425,8,
202,A:292,LEU,0.061356,12,
203,A:298,LEU,0.060887,11,
204,A:231,PRO,0.060748,10,
205,A:305,LEU,0.060710,9,
206,A:228,ARG,0.060680,10,
207,A:321,HIS,0.060678,12,
208,A:227,PHE,0.060656,13,
209,A:293,VAL,0.060497,11,
210,A:297,ALA,0.060461,12,
211,A:232,PHE,0.060391,11,
212,A:322,PRO,0.060357,7,
213,A:212,SER,0.060351,13,
214,A:195,ARG,0.060042,8,
215,A:199,GLY,0.060017,11,
216,A:294,SER,0.059162,8,
217,A:210,ASP,0.058868,11,
218,A:296,GLU,0.058357,10,
219,A:10,ARG,0.058001,7,
220,A:299,ASP,0.057500,11,
221,A:186,GLN,0.057425,7,
222,A:295,PRO,0.057221,5,
223,A:291,HIS,0.057055,5,
224,A:285,VAL,0.056903,8,
225,A:303,LYS,0.056727,12,
226,A:190,VAL,0.056692,11,
227,A:202,LEU,0.056628,13,
228,A:8,ARG,0.056385,9,
229,A:185,GLY,0.056212,8,
230,A:188,TYR,0.055974,9,
231,A:233,PHE,0.055851,11,
232,A:302,ASP,0.055541,9,
233,A:312,ARG,0.055211,12,
234,A:289,ASN,0.055199,11,
235,A:209,TYR,0.055165,11,
236,A:284,PHE,0.054632,11,
237,A:309,HIS,0.053924,15,
238,A:290,GLN,0.053856,8,
239,A:288,GLU,0.053703,5,
240,A:208,MET,0.053491,12,
241,A:310,GLN,0.053470,7,
242,A:201,GLU,0.053447,10,
243,A:238,ASN,0.053064,8,
244,A:241,GLN,0.052907,14,
245,A:7,SER,0.052874,12,
246,A:286,HIS,0.052839,7,
247,A:187,GLU,0.052774,5,
248,A:235,GLY,0.052730,11,
249,A:287,SER,0.052595,4,
250,A:234,HIS,0.052549,7,
251,A:203,LEU,0.052153,13,
252,A:189,ASN,0.051898,5,
253,A:200,PRO,0.051812,12,
254,A:306,ARG,0.051152,10,
255,A:311,SER,0.051087,7,
256,A:207,GLN,0.051002,8,
257,A:281,TRP,0.050990,8,
258,A:236,HIS,0.050684,4,
259,A:191,ARG,0.050287,3,
260,A:206,TYR,0.050280,12,
261,A:6,PRO,0.050132,6,
262,A:237,ASP,0.049619,6,
263,A:240,ASP,0.049357,9,
264,A:204,VAL,0.049089,11,
265,A:282,GLU,0.048428,7,
266,A:242,LEU,0.047734,13,
267,A:244,ARG,0.047707,11,
268,A:307,TYR,0.047472,11,
269,A:308,ASP,0.047441,10,
270,A:239,TYR,0.047313,9,
271,A:205,ASP,0.046826,8,
272,A:249,LEU,0.046797,10,
273,A:248,VAL,0.046688,10,
274,A:243,VAL,0.046578,11,
275,A:245,ILE,0.046548,13,
276,A:283,ARG,0.046141,6,
277,A:263,ILE,0.045026,10,
278,A:5,VAL,0.044993,7,
279,A:4,PRO,0.044950,9,
280,A:280,ARG,0.044847,5,
281,A:254,LEU,0.044713,15,
282,A:258,ILE,0.044447,10,
283,A:261,TYR,0.044338,10,
284,A:257,TYR,0.044316,12,
285,A:246,ALA,0.043917,12,
286,A:253,ASP,0.043898,12,
287,A:279,LYS,0.043686,11,
288,A:256,ASP,0.042908,10,
289,A:260,LYS,0.042315,8,
290,A:247,LYS,0.042307,8,
291,A:250,GLY,0.042214,12,
292,A:255,TYR,0.042153,8,
293,A:273,LEU,0.041874,12,
294,A:278,ARG,0.041666,9,
295,A:259,ASP,0.041592,7,
296,A:251,THR,0.041361,10,
297,A:262,ASN,0.041180,8,
298,A:265,LEU,0.041168,8,
299,A:252,GLU,0.040834,8,
300,A:3,GLY,0.040817,5,
301,A:277,SER,0.040772,5,
302,A:276,HIS,0.040725,10,
303,A:264,GLU,0.040641,7,
304,A:272,ILE,0.040597,8,
305,A:269,PHE,0.039346,9,
306,A:274,GLY,0.039157,7,
307,A:275,ARG,0.038997,6,
308,A:2,SER,0.038659,2,
309,A:266,ASP,0.036288,6,
310,A:267,PRO,0.036079,6,
311,A:270,ASN,0.035839,9,
312,A:271,ASP,0.035567,7,
313,A:268,ARG,0.034685,6,
