rank,residue,resname,signal_from_active_site_at_gamma_0.01778,contacts,known_allosteric
1,A:320,LEU,0.196706,13,
2,A:321,LEU,0.193783,9,
3,A:287,VAL,0.190784,14,
4,A:323,VAL,0.190242,12,
5,A:391,GLY,0.189865,12,
6,A:279,VAL,0.187009,10,
7,A:406,LEU,0.186057,10,
8,A:307,ALA,0.184440,8,
9,A:261,ILE,0.184327,15,
10,A:285,LEU,0.180972,8,
11,A:299,VAL,0.180322,7,
12,A:292,LEU,0.176232,10,
13,A:390,VAL,0.175760,14,
14,A:263,MET,0.175460,6,
15,A:303,LEU,0.172248,10,
16,A:396,VAL,0.172203,14,
17,A:345,TYR,0.162564,12,
18,A:324,CYS,0.160496,13,
19,A:388,CYS,0.160142,15,
20,A:306,ALA,0.159929,13,
21,A:395,LEU,0.159405,10,
22,A:302,PHE,0.158957,11,
23,A:348,GLU,0.158477,5,
24,A:330,PHE,0.157304,12,
25,A:403,LEU,0.156920,11,
26,A:366,ILE,0.156076,14,
27,A:354,VAL,0.155472,12,
28,A:343,LEU,0.151165,12,
29,A:268,GLY,0.151026,6,
30,A:256,MET,0.149910,11,
31,A:357,VAL,0.149350,8,
32,A:349,CYS,0.149166,9,
33,A:446,VAL,0.149124,13,
34,A:356,ALA,0.148130,6,yes
35,A:286,THR,0.147290,7,
36,A:437,ILE,0.146891,13,
37,A:346,LEU,0.146077,13,
38,A:451,ILE,0.145604,14,yes
39,A:383,LEU,0.144382,12,
40,A:344,ASP,0.143992,8,
41,A:387,ASN,0.141337,14,
42,A:447,LEU,0.140949,14,
43,A:508,ILE,0.140527,16,
44,A:291,THR,0.140364,11,
45,A:342,LEU,0.138835,15,
46,A:278,GLY,0.138752,13,
47,A:392,GLU,0.138611,6,
48,A:385,ALA,0.138200,12,
49,A:448,LEU,0.137991,13,yes
50,A:358,VAL,0.137015,10,
51,A:331,TYR,0.136211,13,
52,A:269,GLY,0.135450,6,
53,A:487,VAL,0.135281,13,yes
54,A:362,MET,0.135091,13,
55,A:359,LEU,0.134327,11,yes
56,A:393,ASN,0.133668,4,
57,A:325,THR,0.133666,9,
58,A:283,TYR,0.132162,5,
59,A:505,PHE,0.131971,15,
60,A:464,LEU,0.131315,8,
61,A:435,PHE,0.130675,8,
62,A:276,TYR,0.130474,13,
63,A:430,LEU,0.129985,10,
64,A:360,LEU,0.129539,13,yes
65,A:441,VAL,0.129067,15,
66,A:369,ALA,0.128456,13,
67,A:300,GLU,0.127926,6,
68,A:270,GLY,0.127915,10,
69,A:322,GLY,0.127843,10,
70,A:490,LEU,0.127628,14,
71,A:304,LYS,0.126534,8,
72,A:407,MET,0.125637,9,
73,A:512,PHE,0.125502,13,
74,A:516,PHE,0.123990,11,
75,A:273,GLY,0.122942,7,
76,A:384,ALA,0.122809,13,
77,A:444,PHE,0.122476,15,
78,A:511,ALA,0.122410,11,
79,A:251,TYR,0.122220,4,
80,A:319,GLN,0.122110,8,
81,A:394,HIS,0.120988,10,
82,A:301,GLU,0.120670,7,
83,A:370,MET,0.119892,18,
84,A:418,ALA,0.119683,8,
85,A:363,ALA,0.118243,12,yes
86,A:467,VAL,0.117880,12,
87,A:422,ILE,0.115865,11,
88,A:443,ALA,0.115699,15,
89,A:386,ARG,0.115246,11,
90,A:506,ALA,0.115198,9,
91,A:280,TRP,0.114708,13,
92,A:477,MET,0.114600,7,
93,A:515,MET,0.113650,13,
94,A:382,ASP,0.112243,12,
95,A:352,GLN,0.112086,5,
96,A:494,CYS,0.111405,15,
97,A:426,ALA,0.110771,11,
98,A:402,GLY,0.109936,8,
99,A:298,GLU,0.109867,6,
100,A:456,MET,0.109567,7,
101,A:470,LEU,0.109154,10,
102,A:483,CYS,0.108623,9,yes
103,A:277,GLU,0.107748,11,
104,A:274,GLU,0.106868,10,
105,A:374,GLU,0.106644,13,
106,A:491,MET,0.106302,13,
107,A:266,LYS,0.105715,10,
108,A:471,LEU,0.105273,12,
109,A:259,THR,0.105171,4,
110,A:452,ALA,0.104284,11,yes
111,A:347,ARG,0.104133,8,
112,A:313,LYS,0.103834,5,
113,A:353,GLU,0.103325,7,
114,A:254,TRP,0.103066,9,
115,A:293,LYS,0.102206,5,
116,A:311,GLU,0.099667,7,
117,A:411,THR,0.099464,8,
118,A:502,ARG,0.099299,13,
119,A:368,SER,0.098614,12,
120,A:493,ALA,0.098421,9,
121,A:462,ILE,0.097948,7,
122,A:450,GLU,0.097657,15,
123,A:284,SER,0.097234,6,
124,A:431,ALA,0.097144,8,
125,A:265,HIS,0.096839,6,
126,A:375,LYS,0.096678,7,
127,A:255,GLU,0.094549,10,
128,A:329,PRO,0.094510,7,
129,A:376,LYS,0.094147,8,
130,A:365,GLN,0.093678,13,
131,A:372,TYR,0.093249,12,
132,A:440,ASP,0.093178,16,
133,A:260,ASP,0.093168,8,
134,A:271,GLN,0.092940,7,
135,A:420,PHE,0.092433,13,
136,A:355,ASN,0.091604,8,
137,A:397,LYS,0.091356,16,
138,A:377,ASN,0.091005,5,
139,A:416,ALA,0.090964,5,
140,A:315,PRO,0.090490,6,
141,A:414,ALA,0.089315,6,
142,A:310,LYS,0.087944,9,
143,A:367,SER,0.087916,13,
144,A:314,HIS,0.087308,8,
145,A:252,ASP,0.086577,5,
146,A:361,TYR,0.085910,11,
147,A:439,SER,0.085236,16,
148,A:350,ASN,0.085079,5,
149,A:264,LYS,0.083987,7,
150,A:409,GLY,0.083447,5,
151,A:364,THR,0.083102,13,
152,A:509,HIS,0.082907,13,
153,A:425,THR,0.082806,12,
154,A:404,SER,0.081629,11,
155,A:423,LYS,0.081072,10,
156,A:436,SER,0.079721,8,
157,A:258,ARG,0.079694,7,
158,A:316,ASN,0.079685,12,
159,A:351,ARG,0.079537,7,
160,A:328,PRO,0.078961,4,
161,A:281,LYS,0.078548,8,
162,A:262,THR,0.078125,6,
163,A:497,TRP,0.077106,8,
164,A:424,TRP,0.077076,12,
165,A:253,LYS,0.076487,3,
166,A:327,GLU,0.076230,2,
167,A:504,SER,0.075367,10,
168,A:510,GLN,0.074890,8,
169,A:257,GLU,0.074060,5,
170,A:458,PRO,0.073475,10,
171,A:421,PRO,0.073332,10,
172,A:442,TRP,0.073284,16,
173,A:455,GLY,0.072936,10,
174,A:461,GLY,0.072742,4,
175,A:514,THR,0.072141,8,
176,A:405,ARG,0.071683,6,
177,A:438,LYS,0.071654,10,
178,A:454,TYR,0.071489,10,
179,A:419,LYS,0.070807,8,
180,A:412,TYR,0.070424,10,
181,A:371,GLU,0.069395,13,
182,A:500,SER,0.068940,5,
183,A:499,PRO,0.068744,10,
184,A:413,THR,0.068096,9,
185,A:445,GLY,0.068060,12,
186,A:408,THR,0.067976,2,
187,A:453,THR,0.064898,8,
188,A:513,GLU,0.064768,9,
189,A:480,PRO,0.064631,10,
190,A:519,SER,0.064247,7,
191,A:326,ARG,0.064016,5,
192,A:449,TRP,0.061693,12,
193,A:495,TRP,0.061514,11,
194,A:482,GLY,0.060770,6,yes
195,A:457,SER,0.060756,6,
196,A:507,GLU,0.060218,8,
197,A:503,PRO,0.059302,10,
198,A:486,LYS,0.059153,8,
199,A:517,GLN,0.059012,6,
200,A:282,LYS,0.059000,5,
201,A:427,PRO,0.058798,11,
202,A:496,GLN,0.057823,9,
203,A:434,LYS,0.057665,8,
204,A:484,PRO,0.056673,7,yes
205,A:428,GLU,0.056121,9,
206,A:488,TYR,0.055688,11,
207,A:459,TYR,0.055667,9,
208,A:432,TYR,0.054557,5,
209,A:429,SER,0.054524,13,
210,A:468,TYR,0.052921,10,
211,A:415,HIS,0.049213,9,
212,A:460,PRO,0.048482,6,
213,A:476,ARG,0.046476,8,
214,A:492,ARG,0.046390,9,
215,A:475,TYR,0.044032,5,
216,A:518,GLU,0.043477,5,
217,A:489,GLU,0.042341,8,
218,A:463,ASP,0.042267,6,
219,A:417,GLY,0.041367,4,
220,A:433,ASN,0.040221,7,
221,A:481,GLU,0.040082,3,yes
222,A:485,GLU,0.038960,7,
223,A:465,SER,0.038386,4,
224,A:410,ASP,0.037961,5,
225,A:466,GLN,0.037359,8,
226,A:474,ASP,0.036528,6,
227,A:498,ASN,0.036512,6,
228,A:501,ASP,0.036512,6,
229,A:478,GLU,0.036166,4,
230,A:469,GLU,0.034139,7,
231,A:472,GLU,0.034026,8,
232,A:473,LYS,0.028364,6,
233,A:479,ARG,0.028067,6,
